ID,Binomial,Common_name,Class,Citation,Location,Units,Method,TaxonomicGroup,exclude_manual,notes
10478,Bubo_bubo,Eurasian eagle-owl,Aves," Augst, U. (2003). ""Reproduktion und Bestandsentwicklung des Uhus Bubo bubo im Elbsandsteingebirge."" Vogelwelt 124: 229-239.","Saxonian Elbsandsteingebirge, Sachsen-Anhalt, Germany",Number of occupied territories,Direct counts,Birds,no,
11162,Branta_leucopsis,Barnacle goose,Aves," Crabtree, B., L. Humphreys, et al. (2010). 2010 Review of Goose Management Policy in Scotland, BTO Scotland and the Scottish Government: 303.","Solway Firth, UK (Svalbard population)",Individuals,estimate using weekly/fornightly counts on the solway by the WWT,Birds,no,exp growth
7822,Diomedea_exulans,Wandering albatross,Aves," Delord, K., D. Besson, et al. (2008). ""Population trends in a community of large Procellariiforms of Indian Ocean: Potential effects of environment and fisheries interactions."" Biological Conservation 141: 1840-1856.","Possession Island, Crozet archipelago",Number of breeding pairs,Standardised annual counts,Birds,yes,"interpolated with loglinear changepoint model, not actual counts"
4651,Anser_brachyrhynchus,Pink-footed goose,Aves," Frederiksen, M., R. D. Hearn, et al. (2004). ""The dynamics of hunted Icelandic goose populations: a reassessment of the evidence."" Journal of Applied Ecology. 41: 315-334.",Britain,Number of individuals,Sighting counts of coloured-ringed geese,Birds,no,
11186,Thalasseus_sandvicensis,Sandwich tern,Aves," Garthe, S. and B.-O. Flore (2007). ""Population trend over 100 years and conservation needs of breeding sandwich terns (Sterna sandvicensis) on the German North Sea coast."" Journal of Ornithology 148(2): 215-227.",German north sea coast,Breeding numbers,Visual counts of breeding numbers but by different methosd/sources (see notes),Birds,no,
3265,Branta_canadensis,Canada goose,Aves," Hupp, J., R. Stehn, et al. (1995). ""Arctic Nesting Geese: Alaskan Populations."" Our Living Resources: A report to the nation on the distribution, abundance, and health of U.S. plants, animals, and ecosystems. from http://biology.usgs.gov/s+t/noframe/b011.htm ",Pacific Flyway,Number of individuals,Count,Birds,no,
992,Anas_acuta,Northern pintail,Aves," Jamieson, L. E. and S. P. Brooks (2004). ""Density dependence in North American ducks."" Animal Biodiversity and Conservation 27(1): 113-128.",North America,Population index,Annual population estimate adjusted for biases,Birds,no,
995,Mareca_americana,American wigeon,Aves," Jamieson, L. E. and S. P. Brooks (2004). ""Density dependence in North American ducks."" Animal Biodiversity and Conservation 27(1): 113-128.",North America,Population index,Annual population estimate adjusted for biases,Birds,no,
999,Spatula_clypeata,Northern shoveler,Aves," Jamieson, L. E. and S. P. Brooks (2004). ""Density dependence in North American ducks."" Animal Biodiversity and Conservation 27(1): 113-128.",North America,Population index,Annual population estimate adjusted for biases,Birds,no,
1007,Spatula_discors,Blue-winged teal,Aves," Jamieson, L. E. and S. P. Brooks (2004). ""Density dependence in North American ducks."" Animal Biodiversity and Conservation 27(1): 113-128.",North America,Population index,Annual population estimate adjusted for biases,Birds,no,
1014,Anas_platyrhynchos,Mallard,Aves," Jamieson, L. E. and S. P. Brooks (2004). ""Density dependence in North American ducks."" Animal Biodiversity and Conservation 27(1): 113-128.",North America,Population index,Annual population estimate adjusted for biases,Birds,no,
1019,Mareca_strepera,Gadwall,Aves," Jamieson, L. E. and S. P. Brooks (2004). ""Density dependence in North American ducks."" Animal Biodiversity and Conservation 27(1): 113-128.",North America,Population index,Annual population estimate adjusted for biases,Birds,no,
1024,Aythya_americana,Redhead,Aves," Jamieson, L. E. and S. P. Brooks (2004). ""Density dependence in North American ducks."" Animal Biodiversity and Conservation 27(1): 113-128.",North America,Population index,Annual population estimate adjusted for biases,Birds,no,
1029,Aythya_valisineria,Canvasback,Aves," Jamieson, L. E. and S. P. Brooks (2004). ""Density dependence in North American ducks."" Animal Biodiversity and Conservation 27(1): 113-128.",North America,Population index,Annual population estimate adjusted for biases,Birds,no,
10190,Aptenodytes_forsteri,Emperor penguin,Aves," Jenouvrier, S., H. Caswell, et al. (2010). ""Mating Behavior, Population Growth, and the Operational Sex Ratio: A Periodic Two-Sex Model Approach."" The American Naturalist 175(6): 739-752.","Pointe Geologie, Adelie Land, Antarctica",breeding pairs,Annual ground surveys,Birds,no,
7375,Bubulcus_ibis,Cattle egret,Aves," Kayser, Y., C. Girard, et al. (2003). ""COMPTE-RENDU ORNITHOLOGIQUE CAMARGUAIS POUR LES ANNÉES 1995-2000."" Rev. Écol. (Terre Vie) 58: 5-76.| Kayser, Y., M. Gauthier-Clerc, et al. (2008). ""COMPTE RENDU ORNITHOLOGIQUE CAMARGUAIS POUR LES ANNÉES 2001-2006."" Rev. Écol. (Terre Vie) 63: 299-349.| Blondel, J. and P. Isenmann (1981). Guide des oiseaux de Camargue. Guide des oiseaux de Camargue., Delachaux & Niestle, Neuchatel, Paris: 1-344.",Camargue,Nests,nest count,Birds,no,exp growth
10775,Ciconia_ciconia,White stork,Aves," Kestenholz, M., O. Biber, et al. (2010). Aktionsplan Weissstorch Schweiz. Artenförderung Vögel Schweiz. Bern, Sempach, Zürich, Kleindietwil, Bundesamt für Umwelt, Bern, Schweizerische Vogelwarte, Schweizer Vogelschutz SVS/BirdLife Schweiz, Storch Schweiz.",Switzerland (population occurs in the northern part),Number of breeding pairs,Direct counts,Birds,no,exp growth
8011,Rissa_tridactyla,Black-legged kittiwake,Aves," Krasnov, Y. V., R. T. Barrett, et al. (2007). ""Status of black-legged kittiwakes (Rissa tridactyla), common guillemots (Uria aalge) and Brünnich’s guillemots (U. lomvia) in Murman, north-west Russia, and Varanger, north-east Norway."" Polar Research 26: 113-117.","Kharlov, Murman coast, North-West Russia",Number of breeding pairs,Count of occupied nests,Birds,no,
11349,Falco_peregrinus,Peregrine falcon,Aves," Monneret, R.-J. (2008). ""Évolution et situation de la population de faucon pèlerin Falco peregrinus de la chaîne jurassienne de 1964 à 2007."" Alauda 76(1): 1-10.",Jura Mountains,Breeding pairs,Direct counts while visiting suitable sites,Birds,no,exp growth
8251,Haliaeetus_albicilla,White-tailed sea-eagle,Aves," Normander, B., G. Levin, et al. (2009). State of biodiversity in the Nordic countries: An assessment of progress towards achieving the target of halting biodiversity loss by 2010. TemaNord. Copenhagen, Norden. 509.",West coast of Iceland,Breeding pairs,unknown,Birds,yes,exp growth
8275,Haliaeetus_albicilla,White-tailed sea-eagle,Aves," Normander, B., G. Levin, et al. (2009). State of biodiversity in the Nordic countries: An assessment of progress towards achieving the target of halting biodiversity loss by 2010. TemaNord. Copenhagen, Norden. 509.",Northern Sweden,Breeding pairs,unknown,Birds,yes,very smooth
11184,Thalasseus_sandvicensis,Sandwich tern,Aves," Rudenko, A. G. (1996). ""Present status of gulls and terns nesting in the Black Sea Biosphere Reserve."" Colonial Waterbirds 19: 41-45.","Black Sea Biosphere Reserve, Southern Ukraine",Number of nests,"Visual census counts made by 10-15 persons, of numbers within breeding colonies",Birds,no,
6828,Platalea_leucorodia,Eurasian spoonbill,Aves," Schneider-Jacoby, M., T. Mikuska, et al. (2001). ""Dispersal by accident - the spoonbill Platalea leucorodia population in Croatia."" Acrocephalus (Ljubljana) 22(109): 191-206.",Croatia,Nests,count of nests,Birds,no,
11188,Thalasseus_sandvicensis,Sandwich tern,Aves," Stienen, E. W. M. (2006). Living with gulls: trading off food and predation in the Sandwich Tern Sterna sandvicensis, Rijksuniversiteit Groningen.",Netherlands and Belgium,Breeding pairs,Annual visual counts of breeding colonys,Birds,no,
10671,Bubo_bubo,Eurasian eagle-owl,Aves," Suchý, O. (2001). ""Vývoj populace výra velkého (Bubo bubo) v Jeseníkách v letech 1955-2000."" Buteo 12.","Jesen?íky Mountains, Czech Republic",Number of pairs,Unknown,Birds,no,
1933,Vanellus_vanellus,Northern lapwing,Aves," Thorup, O. (1998). ""Ynglefuglene pa Tipperne 1928-1992."" Dansk Ornitologisk Forenings Tidsskrift 92: 1-192.",Tipperne,estimated breeding pairs (from graphic),census,Birds,no,
12221,Cygnus_columbianus,Tundra swan,Aves,Ad Hoc Eastern Population Tundra Swan Committee (2007). A management plan for the Eastern population of Tundra swans: 57.,Eastern population wintering along the Atlantic and Mississippi flyway,Number of individuals,Midwinter waterfowl survey,Birds,no,
12568,Anser_caerulescens,Snow goose,Aves,"Alisauskas, R. T. (1998). ""Winter range expansion and relationships between landscape and morphometrics of midcontinent lesser snow geese."" The Auk 115(4): 851-862.","Central and South US (Texas, Oklahoma, Kansas, Nebraska, Iowa, Missouri, Arkansas, and Louisiana)",Midwinter index (millions),"Concurrent counts in Texas, Oklahoma, Kansas, Nebraska, Iowa, Missouri, Arkansas and Louisiana during December or January. Population data compiled from Dzubin et al. (1975), Boyd et al. (1982), and the U.S. Fish and Wildlife Service (Waterfowl Population Status 1995 unpubl. data).",Birds,no,
12678,Clangula_hyemalis,Long-tailed duck,Aves,"Aunins, A., L. Nilsson, et al. (2013). HELCOM Core Indicator of Biodiversity - Abundance of waterbirds in the wintering season. HELCOM Core Indicator Report.","S??dersk?±r Island, Gulf of Finland",Number of individuals,Direct counts of individuals on spring migration,Birds,no,
23374,Larus_glaucescens,Glaucous-winged gull,Aves,"Blight, L. K., M. C. Drever, et al. (2015). ""A century of change in Glaucous-winged Gull (Larus glaucescens) populations in a dynamic coastal environmentUn siglo de cambio en las poblaciones de Larus glaucescens en un ambiente dinámico costeroA century of change in Glaucous-winged Gulls."" The Condor 117(1): 108-120","Georgia Basin, British Columbia",logged mean colony counts,census data,Birds,yes,GAM smoother over years
12065,Eudromias_morinellus,Eurasian dotterel,Aves,"Busche, G. (2007). ""Zum Vorkommen des Mornellregenpfeifers Charadrius morinellus in Schleswig-Holstein und Deutschland 1960-2000 während der Wanderungen zwischen Brut- und Überwinterungsgebieten."" Corax 20: 263-270.",Schleswig-Holstein,Annual total individuals,Unknown,Birds,no,
12379,Anser_albifrons,Greater white-fronted goose,Aves,Canadian Wildlife Service Waterfowl Committee (2013). Population status of migratory game birds in Canada: November 2013. CWS Migratory Birds Regulatory Report Number 40.,Wintering population of the Central and Mississippi flyways (Gulf of Mexico),Number of individuals,Midwinter counts,Birds,no,
12550,Branta_bernicla,Brent goose,Aves,Canadian Wildlife Service Waterfowl Committee (2013). Population status of migratory game birds in Canada: November 2013. CWS Migratory Birds Regulatory Report Number 40.,Atlantic flyway population wintering along the US coast from Massachusetts to North Carolina,Estimated number of individuals,Direct counts in winter,Birds,no,
12551,Anser_caerulescens,Snow goose,Aves,Canadian Wildlife Service Waterfowl Committee (2013). Population status of migratory game birds in Canada: November 2013. CWS Migratory Birds Regulatory Report Number 40.,"St. Lawrence River Valley spring staging area, Qu?«bec",Estimated number of individuals,Annual aerial surveys from Lac Champlain to Lac St-Jean and from eastern Ontario to the Chaleur Bay. Five aircraft are used simultaneously to ensure complete coverage during a one-day survey.,Birds,no,
13019,Scolopax_minor,American woodcock,Aves,"Cooper, T. R. and R. D. Rau (2014). American woodcock population status, 2014. U.S. Fish and Wildlife Service. Laurel, Maryland: 16 pp.",New Brunswick,Singing males per route,Annual surveys of set routes,Birds,no,
13025,Scolopax_minor,American woodcock,Aves,"Cooper, T. R. and R. D. Rau (2014). American woodcock population status, 2014. U.S. Fish and Wildlife Service. Laurel, Maryland: 16 pp.",Nova Scotia,Singing males per route,Annual surveys of set routes,Birds,no,
13028,Scolopax_minor,American woodcock,Aves,"Cooper, T. R. and R. D. Rau (2014). American woodcock population status, 2014. U.S. Fish and Wildlife Service. Laurel, Maryland: 16 pp.",Prince Edward Island,Singing males per route,Annual surveys of set routes,Birds,no,
13030,Scolopax_minor,American woodcock,Aves,"Cooper, T. R. and R. D. Rau (2014). American woodcock population status, 2014. U.S. Fish and Wildlife Service. Laurel, Maryland: 16 pp.",Qu?«bec,Singing-males per route,Table 2,Birds,no,
13040,Scolopax_minor,American woodcock,Aves,"Cooper, T. R. and R. D. Rau (2014). American woodcock population status, 2014. U.S. Fish and Wildlife Service. Laurel, Maryland: 16 pp.",Ontario,Singing males per route,Annual surveys of set routes,Birds,no,
23029,Anas_acuta,Northern pintail,Aves,"Deceuninck, B., and C. Fouque. 2010. Canards dénombrés en France en hiver: importance des zones humides et tendances. Ornithos 17:266-283.",France,Index,Index with baseline year 2009 based on IWC mid-January census,Birds,no,
23030,Anas_crecca,Common teal,Aves,"Deceuninck, B., and C. Fouque. 2010. Canards dénombrés en France en hiver: importance des zones humides et tendances. Ornithos 17:266-283.",France,Index,Index with baseline year 2009 based on IWC mid-January census,Birds,no,
23031,Anas_platyrhynchos,Mallard,Aves,"Deceuninck, B., and C. Fouque. 2010. Canards dénombrés en France en hiver: importance des zones humides et tendances. Ornithos 17:266-283.",France,Index,Index with baseline year 2009 based on IWC mid-January census,Birds,no,
23032,Aythya_ferina,Common pochard,Aves,"Deceuninck, B., and C. Fouque. 2010. Canards dénombrés en France en hiver: importance des zones humides et tendances. Ornithos 17:266-283.",France,Index,Index with baseline year 2009 based on IWC mid-January census,Birds,no,
23033,Aythya_fuligula,Tufted duck,Aves,"Deceuninck, B., and C. Fouque. 2010. Canards dénombrés en France en hiver: importance des zones humides et tendances. Ornithos 17:266-283.",France,Index,Index with baseline year 2009 based on IWC mid-January census,Birds,no,
23034,Mareca_penelope,Eurasian wigeon,Aves,"Deceuninck, B., and C. Fouque. 2010. Canards dénombrés en France en hiver: importance des zones humides et tendances. Ornithos 17:266-283.",France,Index,Index with baseline year 2009 based on IWC mid-January census,Birds,no,
23035,Mareca_strepera,Gadwall,Aves,"Deceuninck, B., and C. Fouque. 2010. Canards dénombrés en France en hiver: importance des zones humides et tendances. Ornithos 17:266-283.",France,Index,Index with baseline year 2009 based on IWC mid-January census,Birds,no,
23036,Netta_rufina,Red-crested pochard,Aves,"Deceuninck, B., and C. Fouque. 2010. Canards dénombrés en France en hiver: importance des zones humides et tendances. Ornithos 17:266-283.",France,Index,Index with baseline year 2009 based on IWC mid-January census,Birds,no,
23037,Spatula_clypeata,Northern shoveler,Aves,"Deceuninck, B., and C. Fouque. 2010. Canards dénombrés en France en hiver: importance des zones humides et tendances. Ornithos 17:266-283.",France,Index,Index with baseline year 2009 based on IWC mid-January census,Birds,no,
23038,Tadorna_tadorna,Common shelduck,Aves,"Deceuninck, B., and C. Fouque. 2010. Canards dénombrés en France en hiver: importance des zones humides et tendances. Ornithos 17:266-283.",France,Index,Index with baseline year 2009 based on IWC mid-January census,Birds,no,
12009,Limosa_haemastica,Hudsonian godwit,Aves,"Harrington, B. A., B. Nikula, et al. (2012). ""Occurrence and changing numbers of Hudsonian Godwits during southward migration in the eastern United States."" Wader Study Group Bulletin 119(1): 52-55.","Newburyport region, Massachusetts",Maximum number of individuals,"Maximum number of godwits during southward migration obtained from a variety of published and unpublished sources, including the International Shorebird Survey.",Birds,no,
12010,Limosa_haemastica,Hudsonian godwit,Aves,"Harrington, B. A., B. Nikula, et al. (2012). ""Occurrence and changing numbers of Hudsonian Godwits during southward migration in the eastern United States."" Wader Study Group Bulletin 119(1): 52-55.","Chatham region, Massachusetts",Maximum number of individuals,"Maximum number of godwits during southward migration obtained from a variety of published and unpublished sources, including the International Shorebird Survey.",Birds,no,
1001,Anas_crecca,Common teal,Aves,"Jamieson, L. E. and S. P. Brooks (2004). ""Density dependence in North American ducks."" Animal Biodiversity and Conservation 27(1): 113-128.",North America,Population index,Annual population estimate adjusted for biases,Birds,no,
12088,Catharacta_skua,Great skua,Aves,"Jones, T., C. Smith, et al. (2008). ""Breeding performance and diet of Great Skuas Stercorarius skua and Parasitic Jaegers (Arctic Skuas) S. parasiticus on the west coast of Scotland."" Bird Study 55: 257-266.|Smith, C., V. Culshaw, et al. (2010). Handa Island Skua Project Annual Report 2010. Unpublished report to SWT, SNH, JNCC, SOC and The Seabird Group.","Handa Island, Scotland",Number of apparently occupied territories,Direct counts of nests and apparently occupied territories,Birds,no,
18240,Pelecanus_crispus,Dalmatian pelican,Aves,"Kambourova, N. 2004. The Current State of Colonial Waterbirds in Srebarna Managed Reserve. Annuals of Sofia University ""St. Kliment Ohridski"" Vol. 96(Department of Biology, Book 4 - X Science Session, Sofia 2003, Part II): 313 - 320.","Lake Srebarna, Srebarna Nature Reserve",Number of breeding pairs,Census of individuals,Birds,no,
12295,Anser_brachyrhynchus,Pink-footed goose,Aves,"Kuijken, E., C. Verscheure, et al. (2006). Long-term trends in numbers and distribution of wintering geese in the Oostkustpolders, Flanders (Belgium). Waterbirds around the world. G. C. Boere, C. A. Galbraith and D. A. Stroud. Edinburgh, UK, The Stationery Office: 960pp.","Oostkustpolders, Flanders",Maximum number of individuals in winter,Direct counts of wintering geese,Birds,no,
12304,Anser_albifrons,Greater white-fronted goose,Aves,"Kuijken, E., C. Verscheure, et al. (2006). Long-term trends in numbers and distribution of wintering geese in the Oostkustpolders, Flanders (Belgium). Waterbirds around the world. G. C. Boere, C. A. Galbraith and D. A. Stroud. Edinburgh, UK, The Stationery Office: 960pp.Edinburgh, UK, The Stationery Office: 960pp.","Oostkustpolders, Flanders",Maximum number of individuals in winter,Direct counts of wintering geese,Birds,no,
12074,Anser_fabalis,Bean goose,Aves,"Mitchell, C., K. Colhoun, et al. (2010). Trends in goose numbers wintering in Britain & Ireland, 1995 to 2008. Expanding Goose Populations and their Management. S. Svensson. Höllviken, Sweden, Ornis Svecica. 20: 128-143.","Britain, Ireland",Number of individuals,National count data of wintering flocks based on the number of individuals entering or leaving roosts to feed. Some data are from the Wetland Bird Survey (WeBS) in areas the national survey does not include.,Birds,no,
12308,Anser_brachyrhynchus,Pink-footed goose,Aves,"Mitchell, C., K. Colhoun, et al. (2010). Trends in goose numbers wintering in Britain & Ireland, 1995 to 2008. Expanding Goose Populations and their Management. S. Svensson. Höllviken, Sweden, Ornis Svecica. 20: 128-143.","Britain, Ireland",Number of individuals,National count data of wintering flocks based on the number of individuals entering or leaving roosts to feed. Some data are from the Wetland Bird Survey (WeBS) in areas the national survey does not include.,Birds,no,
12357,Anser_albifrons,Greater white-fronted goose,Aves,"Mitchell, C., K. Colhoun, et al. (2010). Trends in goose numbers wintering in Britain & Ireland, 1995 to 2008. Expanding Goose Populations and their Management. S. Svensson. Höllviken, Sweden, Ornis Svecica. 20: 128-143.","Britain, Ireland",Number of individuals,National count data of wintering flocks based on the number of individuals entering or leaving roosts to feed. Some data are from the Wetland Bird Survey (WeBS) in areas the national survey does not include.,Birds,no,
12581,Branta_bernicla,Brent goose,Aves,"Mitchell, C., K. Colhoun, et al. (2010). Trends in goose numbers wintering in Britain & Ireland, 1995 to 2008. Expanding Goose Populations and their Management. S. Svensson. Höllviken, Sweden, Ornis Svecica. 20: 128-143.","Britain, Ireland (Light-bellied brent goose, Svalbard population)",Number of individuals,National count data of wintering flocks based on the number of individuals entering or leaving roosts to feed. Some data are from the Wetland Bird Survey (WeBS) in areas the national survey does not include.,Birds,no,
12582,Branta_bernicla,Brent goose,Aves,"Mitchell, C., K. Colhoun, et al. (2010). Trends in goose numbers wintering in Britain & Ireland, 1995 to 2008. Expanding Goose Populations and their Management. S. Svensson. Höllviken, Sweden, Ornis Svecica. 20: 128-143.","Britain, Ireland (Light-bellied brent goose, East Canadian High Arctic population) ",Number of individuals,National count data of wintering flocks based on the number of individuals entering or leaving roosts to feed. Some data are from the Wetland Bird Survey (WeBS) in areas the national survey does not include.,Birds,no,
17785,Haliaeetus_leucocephalus,Bald eagle,Aves,"Mougeot, F., J. Gerrard, et al. (2013). ""Population trends and reproduction of bald eagles at Besnard Lake, Saskatchewan, Canada 1968-2012."" Journal of Raptor Research 47(2): 96-107.","Besnard Lake, Saskatchewan",Number of occupied breeding areas,Annual censuses by air or boat,Birds,no,
12650,Clangula_hyemalis,Long-tailed duck,Aves,"Nilsson, L. (2012). ""Distribution and numbers of wintering sea ducks in Swedish offshore waters."" Ornis Svecica 22: 39-59.",South coast of Scania,Annual total number of individuals,Annual boats and aerial survey counts conducted as part of the International Midwinter Waterbirds Census (Wetlands International).,Birds,no,
12656,Clangula_hyemalis,Long-tailed duck,Aves,"Nilsson, L. (2012). ""Distribution and numbers of wintering sea ducks in Swedish offshore waters."" Ornis Svecica 22: 39-59.","Blekinge archipelago, southeast Sweden",Annual total number of individuals,Annual boats and aerial survey counts conducted as part of the International Midwinter Waterbirds Census (Wetlands International).,Birds,no,
12659,Clangula_hyemalis,Long-tailed duck,Aves,"Nilsson, L. (2012). ""Distribution and numbers of wintering sea ducks in Swedish offshore waters."" Ornis Svecica 22: 39-59.",North ?¹land,Annual total number of individuals,Annual boats and aerial survey counts conducted as part of the International Midwinter Waterbirds Census (Wetlands International).,Birds,no,
8564,Atrichornis_clamosus,Noisy scrub-bird,Aves,"Olsen, P. (2008). The State of Australia's Birds 2008. Wingspan (supplement), Birds Australia. 18: 1-40.","Mt Gardner, Australia",Population Index,Unspecified,Birds,no,
5425,Pygoscelis_adeliae,Adelie penguin,Aves,"Wilson, P. R., D. G. Ainley, et al. (2001). ""Adélie penguin population change in the pacific sector of Antarctica: relation to sea-ice extent and the Antarctic Circumpolar Current."" Marine Ecology Progress Series. 213: 301–309. | Landcare Research (2015). Adélie census data. http://www.landcareresearch.co.nz/resources/data/adelie-census-data.","Cape Royds, Ross Island, in the southwestern Ross Sea",Number of Breeding Pairs,Counts of occupied nest from aerial reconnaissance and photographs,Birds,no,
7838,Petromyzon_marinus,Sea lamprey,Petromyzonti," Beaulaton, L., C. Tavernyb, et al. (2008). ""Fishing, abundance and life history traits of the anadromous sea lamprey (Petromyzon marinus) in Europe."" Fisheries Research 92: 90-101.","Dordogne (fishing zones 10-13), Garonne Basin, France",Catch per unit effort (kg/day),Fisheries data,Fishes,no,FD data
8589,Merluccius_bilinearis,Silver hake / Whiting,Actinopteri," Col, L. and M. Traver (2006). Silver Hake. Status of Fishery Resources off the Northeastern US for 2006, National Marine Fisheries Service.",Northern stock,Biomass index (kg/tow),Bottom trawl,Fishes,no,
8590,Merluccius_bilinearis,Silver hake / Whiting,Actinopteri," Col, L. and M. Traver (2006). Silver Hake. Status of Fishery Resources off the Northeastern US for 2006, National Marine Fisheries Service.",Southern stock,Biomass index (kg/tow),Bottom trawl,Fishes,no,
1420,Gadus_morhua,Atlantic cod / Cod,Actinopteri, DFO (2000). Cod in the southern Gulf of St. Lawrence. DFO Sci. Stock Status Rep. A3-01 (2000).,Southern Gulf of St Lawrence (A3-01),Spawning Biomass (000 t),"Based on landings, RV and sentinel survey and catch rate data",Fishes,yes,
4506,Clupea_harengus,Atlantic herring,Actinopteri, DFO (2006). 2006 Assessment of 4VWX Herring. Sci. Advis. Rep. 2006/031. D. C. S. A. Sec: 1-13.,NAFO 4VWX area,Total Biomass (tonnes),Total Biomass from a VPA (Virtual Population Analysis) calibrated with the German Bank acoustic index,Fishes,yes,
885,Salvelinus_namaycush,Lake trout,Actinopteri," Hansen, M. J., J. W. Peck, et al. (1995). ""Lake trout (Salvelinus namaycush) populations in Lake Superior and restoration in 1959-1993."" Journal of Great Lakes Research 21(Supplement 1): 152-175.",Michigan Waters of Lake Superior,Abundance index (percentage of the 1929-1943 mean),Assessment gillnet fishing,Fishes,no,
886,Salvelinus_namaycush,Lake trout,Actinopteri," Hansen, M. J., J. W. Peck, et al. (1995). ""Lake trout (Salvelinus namaycush) populations in Lake Superior and restoration in 1959-1993."" Journal of Great Lakes Research 21(Supplement 1): 152-175.",Wisconsin Waters of Lake Superior,Abundance index (percentage of the 1929-1943 mean),Assessment gillnet fishing,Fishes,no,
5746,Oncorhynchus_keta,Chum salmon,Actinopteri," JTC (2007). Yukon River salmon 2006 season summary and 2007 season outlook. Regional Information Report No. 3A07-01. D. o. C. F. a. O. C. Alaska Department of Fish and Game. Anchorage.| JTC (2009). Yukon River salmon 2008 season summary and 2007 season outlook. Regional Information Report No. 3A09-01. D. o. C. F. a. O. C. Alaska Department of Fish and Game. Anchorage. | JTC (Joint Technical Committee of the Yukon River U.S./Canada Panel) (2020). Yukon River salmon 2019 season summary and 2020 season outlook. Regional Information Report 3A20-01. Anchorage, Alaska, Alaska Department of Fish and Game, Division of Commercial Fisheries.","Fishing Branch River, Porcupine River drainage",number of fish,Aerial survey count. Total escapement estimated using weir to aerial survey expansion factor of 2.72,Fishes,no,
5765,Oncorhynchus_kisutch,Coho salmon,Actinopteri," JTC (2007). Yukon River salmon 2006 season summary and 2007 season outlook. Regional Information Report No. 3A07-01. D. o. C. F. a. O. C. Alaska Department of Fish and Game. Anchorage.| JTC (2009). Yukon River salmon 2008 season summary and 2007 season outlook. Regional Information Report No. 3A09-01. D. o. C. F. a. O. C. Alaska Department of Fish and Game. Anchorage. | JTC (Joint Technical Committee of the Yukon River U.S./Canada Panel) (2020). Yukon River salmon 2019 season summary and 2020 season outlook. Regional Information Report 3A20-01. Anchorage, Alaska, Alaska Department of Fish and Game, Division of Commercial Fisheries.","Delta Clearwater River, Upper Tanana river drainage, Yukon, Alaska",number of fish,boat survey counts,Fishes,no,
5781,Oncorhynchus_keta,Chum salmon,Actinopteri," JTC (2007). Yukon River salmon 2006 season summary and 2007 season outlook. Regional Information Report No. 3A07-01. D. o. C. F. a. O. C. Alaska Department of Fish and Game. Anchorage.| JTC (2009). Yukon River salmon 2008 season summary and 2007 season outlook. Regional Information Report No. 3A09-01. D. o. C. F. a. O. C. Alaska Department of Fish and Game. Anchorage. | JTC (Joint Technical Committee of the Yukon River U.S./Canada Panel) (2020). Yukon River salmon 2019 season summary and 2020 season outlook. Regional Information Report 3A20-01. Anchorage, Alaska, Alaska Department of Fish and Game, Division of Commercial Fisheries.","Anvik River, Yukon river drainage, Alaska",number of fish,sonar-based escapement count,Fishes,no,
5808,Oncorhynchus_tshawytscha,Chinook salmon,Actinopteri, JTC (2007). Yukon River salmon 2006 season summary and 2007 season outlook. Regional Information Report No. 3A07-01. D. o. C. F. a. O. C. Alaska Department of Fish and Game. Anchorage.| JTC (2009). Yukon River salmon 2008 season summary and 2007 season outlook. Regional Information Report No. 3A09-01. D. o. C. F. a. O. C. Alaska Department of Fish and Game. Anchorage.,"Whitehorse fishway Rapids, Yukon",number of fish,unknown,Fishes,no,
5749,Oncorhynchus_keta,Chum salmon,Actinopteri," JTC (2007). Yukon River salmon 2006 season summary and 2007 season outlook. Regional Information Report No. 3A07-01. D. o. C. F. a. O. C. Alaska Department of Fish and Game. Anchorage.| JTC (2011). Yukon River Salmon 2010 Season Summary and 2011 Season Outlook. Regional Information Report. T. U. S. a. C. Y. R. J. T. Committee, Alaska Department of Fish and Game. No. 3A11-01: 220. | JTC (Joint Technical Committee of the Yukon River U.S./Canada Panel) (2020). Yukon River salmon 2019 season summary and 2020 season outlook. Regional Information Report 3A20-01. Anchorage, Alaska, Alaska Department of Fish and Game, Division of Commercial Fisheries.","Delta River, Tanana River drainage, Alaska",spawner abundance,"Estimates are a total spawner abundance, using migratory time density curves and stream life data",Fishes,no,
11096,Gadus_morhua,Atlantic cod / Cod,Actinopteri," Mayo, R. and L. O'Brien (2006). Atlantic cod. Status of Fishery Resources off the Northeastern US NEFSC ",Georges Bank (5Z),Mean weight per tow (kg),Autumn RV bottom trawl survey,Fishes,no,
848,Oncorhynchus_nerka,Sockeye salmon / Red salmon,Actinopteri," Myers, R. Ransom Myers' Stock Recruitment Database.","Adams Complex, British Columbia",Individual fish,SR,Fishes,no,
849,Oncorhynchus_nerka,Sockeye salmon / Red salmon,Actinopteri," Myers, R. Ransom Myers' Stock Recruitment Database.","Birkenhead River, BC",Number of fish,SR,Fishes,no,
850,Oncorhynchus_nerka,Sockeye salmon / Red salmon,Actinopteri," Myers, R. Ransom Myers' Stock Recruitment Database.","Chilko Lake, British Columbia",Numbers of effective females,Count,Fishes,no,
851,Oncorhynchus_nerka,Sockeye salmon / Red salmon,Actinopteri," Myers, R. Ransom Myers' Stock Recruitment Database.","Chilko River, BC",Individual fish,SR,Fishes,no,
852,Oncorhynchus_nerka,Sockeye salmon / Red salmon,Actinopteri," Myers, R. Ransom Myers' Stock Recruitment Database.","Early Stuart Complex, BC",Number of fish,SR,Fishes,no,
853,Oncorhynchus_nerka,Sockeye salmon / Red salmon,Actinopteri," Myers, R. Ransom Myers' Stock Recruitment Database.","Horsefly River, BC",Number of fish,SR,Fishes,no,
854,Oncorhynchus_nerka,Sockeye salmon / Red salmon,Actinopteri," Myers, R. Ransom Myers' Stock Recruitment Database.","Late Stuart Complex, BC",Number of fish,SR,Fishes,no,
856,Oncorhynchus_nerka,Sockeye salmon / Red salmon,Actinopteri," Myers, R. Ransom Myers' Stock Recruitment Database.","Rivers Inlet, BC",Millions of fish,SR,Fishes,no,
857,Oncorhynchus_nerka,Sockeye salmon / Red salmon,Actinopteri," Myers, R. Ransom Myers' Stock Recruitment Database.","Smith Inlet, BC",Thousands of fish,SR,Fishes,no,
858,Oncorhynchus_nerka,Sockeye salmon / Red salmon,Actinopteri," Myers, R. Ransom Myers' Stock Recruitment Database.","Stellako River, BC",Number of fish,SR,Fishes,no,
859,Oncorhynchus_nerka,Sockeye salmon / Red salmon,Actinopteri," Myers, R. Ransom Myers' Stock Recruitment Database.","Weaver Creek, BC",Individual fish,SR,Fishes,no,
861,Oncorhynchus_nerka,Sockeye salmon / Red salmon,Actinopteri," Myers, R. Ransom Myers' Stock Recruitment Database.","Black Lake, Alaska",Millions of fish,SR,Fishes,no,
862,Oncorhynchus_nerka,Sockeye salmon / Red salmon,Actinopteri," Myers, R. Ransom Myers' Stock Recruitment Database.","Egegik River, Alaska",Thousands of fish,SR,Fishes,no,
863,Oncorhynchus_nerka,Sockeye salmon / Red salmon,Actinopteri," Myers, R. Ransom Myers' Stock Recruitment Database.","Igushik River, Alaska",Thousands of fish,SR,Fishes,no,
866,Oncorhynchus_nerka,Sockeye salmon / Red salmon,Actinopteri," Myers, R. Ransom Myers' Stock Recruitment Database.","Kvichak River, Alaska",Thousands of fish,SR,Fishes,no,
868,Oncorhynchus_nerka,Sockeye salmon / Red salmon,Actinopteri," Myers, R. Ransom Myers' Stock Recruitment Database.","Naknek, Alaska",Thousands of fish,SR,Fishes,no,
869,Oncorhynchus_nerka,Sockeye salmon / Red salmon,Actinopteri," Myers, R. Ransom Myers' Stock Recruitment Database.","Red River, Alaska",Thousands of fish,SR,Fishes,no,
870,Oncorhynchus_nerka,Sockeye salmon / Red salmon,Actinopteri," Myers, R. Ransom Myers' Stock Recruitment Database.","Ugashik River, Alaska",Thousands of fish,SR,Fishes,no,
871,Oncorhynchus_nerka,Sockeye salmon / Red salmon,Actinopteri," Myers, R. Ransom Myers' Stock Recruitment Database.","Wood River, Alaska",Thousands of fish,SR,Fishes,no,
1379,Brevoortia_tyrannus,Atlantic menhaden,Actinopteri," Myers, R. Ransom Myers' Stock Recruitment Database.",US Atlantic,Tonnes of Females,SPA,Fishes,yes,
1396,Brevoortia_tyrannus,Atlantic menhaden,Actinopteri," Myers, R. Ransom Myers' Stock Recruitment Database.",Iceland summer spawners,Spawning stock biomass (Tonnes),SPA,Fishes,yes,
1406,Brevoortia_tyrannus,Atlantic menhaden,Actinopteri," Myers, R. Ransom Myers' Stock Recruitment Database.",Norway (spring spawners),Spawning stock biomass (Tonnes),SPA,Fishes,yes,
1409,Clupea_pallasii,Pacific herring,Actinopteri," Myers, R. Ransom Myers' Stock Recruitment Database.",Southern Strait of Georgia,Spawning stock biomass (Tonnes),SPA,Fishes,yes,
1485,Melanogrammus_aeglefinus,Haddock,Actinopteri," Myers, R. Ransom Myers' Stock Recruitment Database.",NAFO 5Z,Spawning stock biomass (tonnes),SPA,Fishes,yes,
1487,Melanogrammus_aeglefinus,Haddock,Actinopteri," Myers, R. Ransom Myers' Stock Recruitment Database.",North Sea,Spawning stock biomass (Thousand tonnes),SPA and CPUE,Fishes,yes,
1562,Sprattus_sprattus,European sprat,Actinopteri," Myers, R. Ransom Myers' Stock Recruitment Database.",Black Sea,Spawning stock biomass (Thousand tonnes),SPA,Fishes,yes,
2044,Clupea_pallasii,Pacific herring,Actinopteri," Myers, R. Ransom Myers' Stock Recruitment Database.","Central coast, British Columbia",Spawning stock biomass / million tonnes,SPA,Fishes,yes,
2047,Clupea_pallasii,Pacific herring,Actinopteri," Myers, R. Ransom Myers' Stock Recruitment Database.",North Western coast of Vancouver Island,Spawning stock biomass / million tonnes,SPA,Fishes,yes,
2049,Clupea_pallasii,Pacific herring,Actinopteri," Myers, R. Ransom Myers' Stock Recruitment Database.",Prince Rupert District,Tonnes/millions,SPA,Fishes,yes,
2051,Clupea_pallasii,Pacific herring,Actinopteri," Myers, R. Ransom Myers' Stock Recruitment Database.",Queen Charlotte Islands,Spawning stock biomass / million tonnes,SPA,Fishes,yes,
2056,Clupea_pallasii,Pacific herring,Actinopteri," Myers, R. Ransom Myers' Stock Recruitment Database.",South Western coast of Vancouver Island,Spawning stock biomass / million tonnes,SPA,Fishes,yes,
2077,Chrysophrys_auratus,Silver seabream,Actinopteri," Myers, R. Ransom Myers' Stock Recruitment Database.","Hauraki gulf/Bay of Plenty, New Zealand",Spawning stock biomass/tonnes,RV,Fishes,no,
2171,Thunnus_maccoyii,Southern bluefin tuna,Actinopteri," Myers, R. Ransom Myers' Stock Recruitment Database.",Southern Pacific (2),Spawning stock biomass (tonnes),SPA,Fishes,yes,
1437,Gadus_morhua,Atlantic cod / Cod,Actinopteri," Myers, R. Ransom Myers' Stock Recruitment Database.| DFO (2009). Status of Atlantic Cod (Gadus morhua) in 2008. Research Document 2009/027. C. S. A. Secretariat, Fisheries and Oceans Canada. 2009/027: 1-167.",NAFO 4VsW,Spawning stock biomass (tonnes),SPA,Fishes,yes,
4637,Oncorhynchus_tshawytscha,Chinook salmon,Actinopteri," Ratner, S., Lande R. and Roper, B. (1997). ""Population Viability Analysis of Spring Chinook Salmon in the South Umpqua River, Oregon."" Conservation Biology 11(4): 879-889.","South Umpqua River, Oregon",Number of spawners,Annual counts,Fishes,no,
8603,Lophius_americanus,American angler,Actinopteri," Richards, A. (2006). Goosefish. Status of Fishery Resources off the Northeastern US for 2006. R. Mayo, F. Serchuk and E. HOlmes, National Marine Fisheries Service.","Gulf of Maine, southern stock",Biomass (kg/tow),Bottom trawls,Fishes,no,
4479,Clupea_pallasii,Pacific herring,Actinopteri," Schweigert, J. (2004). Stock assessment for British Columbia herring in 2004 and forecasts of the potential catch in 2005. C. S. A. Secretariat, Fisheries and Oceans, Canada: 1-95.| DFO (2008). STOCK ASSESSMENT ON CENTRAL COAST PACIFIC HERRING. Canadian Science Advisory Secretariat Science Advisory Report. 2008/010: 5.","Central coast stock assessment region, British Columbia",Pre-fishery mature biomass (kilotonnes),"Herring Catch-Age Model based on total catch, spawn abundance, weightat-age, and age structure data",Fishes,yes,
4478,Clupea_pallasii,Pacific herring,Actinopteri," Schweigert, J. (2004). Stock assessment for British Columbia herring in 2004 and forecasts of the potential catch in 2005. C. S. A. Secretariat, Fisheries and Oceans, Canada: 1-95.| DFO (2008). Stock assessment report on Prince Rupert District Pacific herring. Canadian Science Advisory Secretariat Science Advisory Report. 2008/011: 5.","Prince Rupert District stock assessment region, British Columbia",Pre-fishery mature biomass (kilotonnes),"Herring Catch-Age Model based on total catch, spawn abundance, weightat-age, and age structure data",Fishes,yes,
4477,Clupea_pallasii,Pacific herring,Actinopteri," Schweigert, J. (2004). Stock assessment for British Columbia herring in 2004 and forecasts of the potential catch in 2005. C. S. A. Secretariat, Fisheries and Oceans, Canada: 1-95.| DFO (2008). Stock assessment report on Queen Charlotte Islands Pacific herring. Canadian Science Advisory Secretariat Science Advisory Report, Fisheries and Oceans Canada. 2008/012.","Queen Charlotte Islands stock assessment region, British Columbia",Mature pre-fishery biomass (kilotonnes),"Herring Catch-Age Model based on time series of total catch, spawn abundance, weight at-age, and age structure data",Fishes,yes,
4480,Clupea_pallasii,Pacific herring,Actinopteri," Schweigert, J. (2004). Stock assessment for British Columbia herring in 2004 and forecasts of the potential catch in 2005. C. S. A. Secretariat, Fisheries and Oceans, Canada: 1-95.| DFO (2008). Stock assessment report on Strait of Georgia Pacific herring. Canadian Science Advisory Secretariat Science Advisory Report, Fisheries and Oceans Canada. 2008/014: 5.","Strait of Georgia stock assessment region, British Columbia",Pre-fishery Biomass (kilotonnes),"Herring Catch-Age model based on time series of total catch, spawn abundance, weight weightat-age, and age structure data",Fishes,yes,
4481,Clupea_pallasii,Pacific herring,Actinopteri," Schweigert, J. (2004). Stock assessment for British Columbia herring in 2004 and forecasts of the potential catch in 2005. C. S. A. Secretariat, Fisheries and Oceans, Canada: 1-95.| DFO (2008). Stock assessment report on West Coast Vancover Island Pacific herring. Canadian Science Advisory Secretariat Science Advisory Report. 2008/015: 6.","West coast of Vancouver Island stock assessment region, British Columbia",Pre-fishery Biomass (kilotonnes),"Herring Catch-Age model based on time series of total catch, spawn abundance, weight weightat-age, and age structure data",Fishes,yes,
8610,Urophycis_chuss,Red hake,Actinopteri," Traver, M. and L. Col (2006). Red Hake. Status of Fishery Resources off the Northeastern US. R. Mayo, F. Serchuk and E. HOlmes, National Marine Fisheries Service.",Northern stock: the Gulf of Maine to Northern Georges Bank region,Biomass index (stratified mean weight kg/tow),Otter trawl,Fishes,no,
8611,Urophycis_chuss,Red hake,Actinopteri," Traver, M. and L. Col (2006). Red Hake. Status of Fishery Resources off the Northeastern US. R. Mayo, F. Serchuk and E. HOlmes, National Marine Fisheries Service.",Southern stock: the Southern Georges Bank to Mid-Atlantic Bight region,Biomass index (stratified mean weight kg/tow),Otter trawl,Fishes,no,
19870,Alosa_pseudoharengus,Alewife,Actinopteri,"Benoit, H. P. (2006). Standardizing the southern Gulf of St. Lawrence bottom trawl survey time series: Results of the 2004-2005 comparative fishing experiments and other recommendations for the analysis of the survey data. Canadian Science Advisory Secretariat, Fisheries and Oceans Canada.","Southern Gulf of St. Lawrence, NAFO 4T",Average Biomass (kg) per standard tow (ie. 1.75 nautical mile tow),September bottom trawl survey,Fishes,no,
19910,Amblyraja_radiata,Starry ray,Elasmobranchii,"Benoit, H. P. (2006). Standardizing the southern Gulf of St. Lawrence bottom trawl survey time series: Results of the 2004-2005 comparative fishing experiments and other recommendations for the analysis of the survey data. Canadian Science Advisory Secretariat, Fisheries and Oceans Canada.","Southern Gulf of St. Lawrence, NAFO 4T",Average Biomass (kg) per standard tow (ie. 1.75 nautical mile tow),September bottom trawl survey,Fishes,no,
20332,Clupea_harengus,Atlantic herring,Actinopteri,"Benoit, H. P. (2006). Standardizing the southern Gulf of St. Lawrence bottom trawl survey time series: Results of the 2004-2005 comparative fishing experiments and other recommendations for the analysis of the survey data. Canadian Science Advisory Secretariat, Fisheries and Oceans Canada.","Southern Gulf of St. Lawrence, NAFO 4T",Average Biomass (kg) per standard tow (ie. 1.75 nautical mile tow),September bottom trawl survey,Fishes,no,
20406,Cyclopterus_lumpus,Lumpfish / Lumpsucker,Actinopteri,"Benoit, H. P. (2006). Standardizing the southern Gulf of St. Lawrence bottom trawl survey time series: Results of the 2004-2005 comparative fishing experiments and other recommendations for the analysis of the survey data. Canadian Science Advisory Secretariat, Fisheries and Oceans Canada.","Southern Gulf of St. Lawrence, NAFO 4T",Average Biomass (kg) per standard tow (ie. 1.75 nautical mile tow),September bottom trawl survey,Fishes,no,
20558,Gadus_morhua,Atlantic cod / Cod,Actinopteri,"Benoit, H. P. (2006). Standardizing the southern Gulf of St. Lawrence bottom trawl survey time series: Results of the 2004-2005 comparative fishing experiments and other recommendations for the analysis of the survey data. Canadian Science Advisory Secretariat, Fisheries and Oceans Canada.","Southern Gulf of St. Lawrence, NAFO 4T",Average Biomass (kg) per standard tow (ie. 1.75 nautical mile tow),September bottom trawl survey,Fishes,no,
20560,Glyptocephalus_cynoglossus,Witch flounder,Actinopteri,"Benoit, H. P. (2006). Standardizing the southern Gulf of St. Lawrence bottom trawl survey time series: Results of the 2004-2005 comparative fishing experiments and other recommendations for the analysis of the survey data. Canadian Science Advisory Secretariat, Fisheries and Oceans Canada.","Southern Gulf of St. Lawrence, NAFO 4T",Average Biomass (kg) per standard tow (ie. 1.75 nautical mile tow),September bottom trawl survey,Fishes,no,
20563,Hemitripterus_americanus,Sea raven,Actinopteri,"Benoit, H. P. (2006). Standardizing the southern Gulf of St. Lawrence bottom trawl survey time series: Results of the 2004-2005 comparative fishing experiments and other recommendations for the analysis of the survey data. Canadian Science Advisory Secretariat, Fisheries and Oceans Canada.","Southern Gulf of St. Lawrence, NAFO 4T",Average Biomass (kg) per standard tow (ie. 1.75 nautical mile tow),September bottom trawl survey,Fishes,no,
20564,Hippoglossoides_platessoides,American plaice,Actinopteri,"Benoit, H. P. (2006). Standardizing the southern Gulf of St. Lawrence bottom trawl survey time series: Results of the 2004-2005 comparative fishing experiments and other recommendations for the analysis of the survey data. Canadian Science Advisory Secretariat, Fisheries and Oceans Canada.","Southern Gulf of St. Lawrence, NAFO 4T",Average Biomass (kg) per standard tow (ie. 1.75 nautical mile tow),September bottom trawl survey,Fishes,no,
20569,Leucoraja_ocellata,Winter skate,Elasmobranchii,"Benoit, H. P. (2006). Standardizing the southern Gulf of St. Lawrence bottom trawl survey time series: Results of the 2004-2005 comparative fishing experiments and other recommendations for the analysis of the survey data. Canadian Science Advisory Secretariat, Fisheries and Oceans Canada.","Southern Gulf of St. Lawrence, NAFO 4T",Average Biomass (kg) per standard tow (ie. 1.75 nautical mile tow),September bottom trawl survey,Fishes,no,
20570,Myzopsetta_ferruginea,Yellowtail flounder,Actinopteri,"Benoit, H. P. (2006). Standardizing the southern Gulf of St. Lawrence bottom trawl survey time series: Results of the 2004-2005 comparative fishing experiments and other recommendations for the analysis of the survey data. Canadian Science Advisory Secretariat, Fisheries and Oceans Canada.","Southern Gulf of St. Lawrence, NAFO 4T",Average Biomass (kg) per standard tow (ie. 1.75 nautical mile tow),September bottom trawl survey,Fishes,no,
20578,Myoxocephalus_octodecemspinosus,Longhorn sculpin,Actinopteri,"Benoit, H. P. (2006). Standardizing the southern Gulf of St. Lawrence bottom trawl survey time series: Results of the 2004-2005 comparative fishing experiments and other recommendations for the analysis of the survey data. Canadian Science Advisory Secretariat, Fisheries and Oceans Canada.","Southern Gulf of St. Lawrence, NAFO 4T",Average Biomass (kg) per standard tow (ie. 1.75 nautical mile tow),September bottom trawl survey,Fishes,no,
20582,Nezumia_bairdii,Marlin-spike grenadier,Actinopteri,"Benoit, H. P. (2006). Standardizing the southern Gulf of St. Lawrence bottom trawl survey time series: Results of the 2004-2005 comparative fishing experiments and other recommendations for the analysis of the survey data. Canadian Science Advisory Secretariat, Fisheries and Oceans Canada.","Southern Gulf of St. Lawrence, NAFO 4T",Average Biomass (kg) per standard tow (ie. 1.75 nautical mile tow),September bottom trawl survey,Fishes,no,
20583,Osmerus_mordax,Rainbow smelt,Actinopteri,"Benoit, H. P. (2006). Standardizing the southern Gulf of St. Lawrence bottom trawl survey time series: Results of the 2004-2005 comparative fishing experiments and other recommendations for the analysis of the survey data. Canadian Science Advisory Secretariat, Fisheries and Oceans Canada.","Southern Gulf of St. Lawrence, NAFO 4T",Average Biomass (kg) per standard tow (ie. 1.75 nautical mile tow),September bottom trawl survey,Fishes,no,
20585,Phycis_chesteri,Longfin hake,Actinopteri,"Benoit, H. P. (2006). Standardizing the southern Gulf of St. Lawrence bottom trawl survey time series: Results of the 2004-2005 comparative fishing experiments and other recommendations for the analysis of the survey data. Canadian Science Advisory Secretariat, Fisheries and Oceans Canada.","Southern Gulf of St. Lawrence, NAFO 4T",Average Biomass (kg) per standard tow (ie. 1.75 nautical mile tow),September bottom trawl survey,Fishes,no,
20587,Pseudopleuronectes_americanus,Winter flounder,Actinopteri,"Benoit, H. P. (2006). Standardizing the southern Gulf of St. Lawrence bottom trawl survey time series: Results of the 2004-2005 comparative fishing experiments and other recommendations for the analysis of the survey data. Canadian Science Advisory Secretariat, Fisheries and Oceans Canada.","Southern Gulf of St. Lawrence, NAFO 4T",Average Biomass (kg) per standard tow (ie. 1.75 nautical mile tow),September bottom trawl survey,Fishes,no,
20588,Reinhardtius_hippoglossoides,Greenland halibut,Actinopteri,"Benoit, H. P. (2006). Standardizing the southern Gulf of St. Lawrence bottom trawl survey time series: Results of the 2004-2005 comparative fishing experiments and other recommendations for the analysis of the survey data. Canadian Science Advisory Secretariat, Fisheries and Oceans Canada.","Southern Gulf of St. Lawrence, NAFO 4T",Average Biomass (kg) per standard tow (ie. 1.75 nautical mile tow),September bottom trawl survey,Fishes,no,
20589,Scomber_scombrus,Atlantic mackerel,Actinopteri,"Benoit, H. P. (2006). Standardizing the southern Gulf of St. Lawrence bottom trawl survey time series: Results of the 2004-2005 comparative fishing experiments and other recommendations for the analysis of the survey data. Canadian Science Advisory Secretariat, Fisheries and Oceans Canada.","Southern Gulf of St. Lawrence, NAFO 4T",Average Biomass (kg) per standard tow (ie. 1.75 nautical mile tow),September bottom trawl survey,Fishes,no,
20596,Urophycis_tenuis,White hake,Actinopteri,"Benoit, H. P. (2006). Standardizing the southern Gulf of St. Lawrence bottom trawl survey time series: Results of the 2004-2005 comparative fishing experiments and other recommendations for the analysis of the survey data. Canadian Science Advisory Secretariat, Fisheries and Oceans Canada.","Southern Gulf of St. Lawrence, NAFO 4T",Average Biomass (kg) per standard tow (ie. 1.75 nautical mile tow),September bottom trawl survey,Fishes,no,
20597,Zoarces_americanus,Ocean pout,Actinopteri,"Benoit, H. P. (2006). Standardizing the southern Gulf of St. Lawrence bottom trawl survey time series: Results of the 2004-2005 comparative fishing experiments and other recommendations for the analysis of the survey data. Canadian Science Advisory Secretariat, Fisheries and Oceans Canada.","Southern Gulf of St. Lawrence, NAFO 4T",Average Biomass (kg) per standard tow (ie. 1.75 nautical mile tow),September bottom trawl survey,Fishes,no,
300014,Isurus_oxyrinchus,Shortfin mako,Elasmobranchii,"Brunel, T., R. Coelho, G. Merino, J. Ortiz de Urbina, D. Rosa, C. Santos, H. Murua, P. Bach, S. Saber, and D. Macias. 2018. A preliminary stock assessment for the shortfin mako shark in the Indian Ocean using data-limited approaches.",Indian Ocean,NA,multiple,Fishes,yes,
7814,Lamna_nasus,Porbeagle shark,Elasmobranchii,"Campana, S. E., W. Joyce, et al. (2008). The rise and fall (again) of the porbeagle shark population in the Northwest Atlantic. Sharks of the Open Ocean: Biology, Fisheries and Conservation, Blackwell Publishing: 445-461 ",Northwest Atlantic,Biomass (in 1000 tonnes),data from fisheries catches,Fishes,yes,
19498,Carcharodon_carcharias,Great white shark,Elasmobranchii,"Curtis, T. H., C. T. McCandless, et al. (2014). ""Seasonal Distribution and Historic Trends in Abundance of White Sharks, Carcharodon carcharias, in the Western North Atlantic Ocean."" PLoS ONE 9(6): e99240",Northwest Atlantic Ocean,"Relative abundance index
","NEFSC fishery independent longline surveys, observer programs, tournament data
",Fishes,no,
14833,Hippoglossoides_platessoides,American plaice,Actinopteri,"DFO (2011). Recovery Potential Assessment for American Plaice Maritime DU. Canadian Science Advisory Secretariat Science Advisory Report, Fisheries and Oceans Canada. 2011/043: 30.","NAFO division 4VWX, Southern Gulf of St. Lawrence",Total abundance (millions),DFO research trawl surveys,Fishes,no,
14829,Hippoglossoides_platessoides,American plaice,Actinopteri,"DFO (2011). Recovery Potential Assessment of American Plaice (Hippoglossoides platessoides) in Newfoundland and Labrador. Canadian Science Advisory Secretariat Science Advisory Report, Fisheries and Oceans Canada. 2011/030: 27.","NAFO division 3LNO, Newfoundland and Labrador region",Adult abundance index (e^5),DFO research vessel survey,Fishes,no,
14848,Anguilla_rostrata,American eel,Actinopteri,DFO (2013). Recovery potential assessment of American eel (Anguilla rostrata) in eastern Canada. Can. Sci. Advis. Sec. Sci. Advis. Rep. 2013/078.,Northern Gulf and Newfoundland,Number of individuals,Counting fences,Fishes,no,
25466,Melanogrammus_aeglefinus,Haddock,Actinopteri,"Filin, A. A., and A. A. Russkikh. 2019. Specific features of the formation of the year-class abundance of northeastern Arctic haddock Melanogrammus aeglefinus during the warming of the Barents Sea. Journal of Ichthyology 59:225-233.",Barents Sea,Stock Biomass Estimate (thousand t),Data from the report of the ICES Working Group on Arctic fishery,Fishes,yes,
21690,Lepidopsetta_bilineata,Rock sole,Actinopteri,"Holt, K. R., P. J. Starr, R. Haigh and B. Krishka (2016). Stock Assessment and Harvest Advice for Rock Sole (Lepidopsetta spp.) in British Columbia. Research Document, Canadian Science Advisory Secretariat. 2016/009: ix + 256.","Area 5DC, Hecate Strait, British Columbia",CPUE (kg/h) females,Tow-by-tow; commercial and research trawls,Fishes,no,
26510,Anguilla_anguilla,European eel,Actinopteri,ICES. 2018. European eel (Anguilla anguilla) throughout its natural range.,North Sea,Recruitment index,Generalised Linear Model fitted to 43 time-series and scaled to the 1960-1979 average.,Fishes,no,
26511,Anguilla_anguilla,European eel,Actinopteri,ICES. 2018. European eel (Anguilla anguilla) throughout its natural range.,Southern and Western Europe,Recruitment index,Generalised Linear Model fitted to 43 time-series and scaled to the 1960-1979 average.,Fishes,no,
17412,Istiompax_indica,Black marlin,Actinopteri,"Indian Ocean Tuna Commission (2014). ""Status of the Indian Ocean black marlin (BLM: Makaira indica) resource.""",Japanese longline fishing area in the Indian Ocean,Scaled catch rate,Standardized catch rates for black marlin calculated from the IOTC catch and effort aggregated dataset. Values scaled with respect to the mean of 1970ÈÃ¶1979 period.,Fishes,no,FD data
17411,Kajikia_audax,Striped marlin,Actinopteri,"Indian Ocean Tuna Commission (2014). ""Status of the Indian Ocean striped marlin (MLS: Tetrapturus audax) resource.""",Japanese longline fishing area in the Indian Ocean,Scaled CPUE,"Standardized CPUE series from the Japanese longline fleet. Scaled using the average of the overlapped years with the Taiwan, China longline fleet.",Fishes,no,FD data
17410,Makaira_nigricans,Blue marlin,Actinopteri,Indian Ocean Tuna Commission (2014). Status of the Indian Ocean blue marlin (BUM: Makaira nigricans) resource.,Japanese longline fishing area in the Indian Ocean,Scaled CPUE,"Standardized CPUE series from the Japanese longline fleet. Scaled using the average of the overlapped years with the Taiwan, China longline fleet.",Fishes,no,FD data
300006,Lamna_nasus,Porbeagle shark,Elasmobranchii,"International Commission for the Conservation of Atlantic Tunas (ICCAT). 2009. Report of the 2009 Porbeagle stock assessments meeting. Copenhagen, Denmark, June 22 to 27, 2009.",Northeast Atlantic,ton,multiple,Fishes,yes,
300020,Prionace_glauca,Blue shark,Elasmobranchii,International Commission for the Conservation of Atlantic Tunas (ICCAT). Report of the 2015 Blue Shark Stock Assessment. SCRS/2015/018,North Atlantic,1000ton,multiple,Fishes,yes,
1388,Brevoortia_tyrannus,Atlantic menhaden,Actinopteri,"International Council for the Exploration of the Sea, ICES advice on fish stocks, 2006 - 2010.",Celtic Sea and Division VIIj herring,Spawning stock biomass (Tonnes),Catch data and acoustic survey,Fishes,yes,
1400,Brevoortia_tyrannus,Atlantic menhaden,Actinopteri,"International Council for the Exploration of the Sea, ICES advice on fish stocks, 2006 - 2010.","in Subarea IV, Divisions III a and VII d (autumn spawners)",spawning stock biomass Tonnes,Projections from landings and surveys,Fishes,yes,
1407,Brevoortia_tyrannus,Atlantic menhaden,Actinopteri,"International Council for the Exploration of the Sea, ICES advice on fish stocks, 2006 - 2010.",Norwegian spring spawning,spawning stock biomass (Tonnes),Estimate based on catch data and 8 surveys,Fishes,yes,
1526,Pollachius_virens,Saithe,Actinopteri,"International Council for the Exploration of the Sea, ICES advice on fish stocks, 2006 - 2010.","ICES division Va, Iceland",SSB / tonnes,Based on age-disaggregated landings and survey indices,Fishes,yes,
2329,Clupea_harengus,Atlantic herring,Actinopteri,"International Council for the Exploration of the Sea, ICES advice on fish stocks, 2006 - 2010.",ICES area VI a (North),SSB tonnes,Based on catch data,Fishes,yes,
300011,Isurus_oxyrinchus,Shortfin mako,Elasmobranchii,"ISC Shark Working Group. 2018. Stock Assessment of Shortfin Mako Shark (Isurus oxyrinchus) in the Pacific Ocean Through 2016. Page 118. WCPFC Northern Committee 14th Regular Session. WCPFCNC14- 2018/IP-06, Fukuoka, Japan.",North Pacific,individual,multiple,Fishes,yes,
21925,Micropterus_dolomieu,Smallmouth bass,Actinopteri,"Lantry, J. R. (2015). Eastern basin of Lake Ontario warmwater fisheries assessment, 1976-2015. Section 4 in NYSDEC Lake Ontario annual Report. Cape Vincent, New York, New York State Department of Environmental Conservation.",NY waters of Lake Ontario's eastern basin,Stratified mean CPUE (450 ft monofilament gill net gang),Warmwater assessment netting conducted late July through mid-August,Fishes,no,
22137,Perca_flavescens,American yellow perch,Actinopteri,"Lantry, J. R. (2015). Eastern basin of Lake Ontario warmwater fisheries assessment, 1976-2015. Section 4 in NYSDEC Lake Ontario annual Report. Cape Vincent, New York, New York State Department of Environmental Conservation.",NY waters of Lake Ontario's eastern basin,Stratified mean CPUE (450 ft monofilament gill net gang),Warmwater assessment netting conducted late July through mid-August,Fishes,no,
22449,Sander_vitreus,Walleye,Actinopteri,"Lantry, J. R. (2015). Eastern basin of Lake Ontario warmwater fisheries assessment, 1976-2015. Section 4 in NYSDEC Lake Ontario annual Report. Cape Vincent, New York, New York State Department of Environmental Conservation.",NY waters of Lake Ontario's eastern basin,Stratified mean CPUE (450 ft monofilament gill net gang),Warmwater assessment netting conducted late July through mid-August,Fishes,no,
17444,Scomber_scombrus,Atlantic mackerel,Actinopteri,"Meneghesso, C., et al. (2013). ""Life-history traits and population decline of the Atlantic mackerel Scomber scombrus in the Adriatic Sea."" Journal of Fish Biology 83: 1249-1267.","Chioggia fishing area, Adriatic Sea",CPUE,Fishery landing data and total fishing capacity (gross registered tonnage) of the Chioggia fishing fleet used to calculate CPUE.,Fishes,no,FD data
1438,Gadus_morhua,Atlantic cod / Cod,Actinopteri,"Myers, R. Ransom Myers' Stock Recruitment Database.",NAFO 4X,Spawning stock biomass (Thousand tonnes),SPA,Fishes,no,
2048,Clupea_pallasii,Pacific herring,Actinopteri,"Myers, R. Ransom Myers' Stock Recruitment Database.",Northern Strait of Georgia,Spawning stock biomass / million tonnes,SPA,Fishes,no,
17402,Myzopsetta_ferruginea,Yellowtail flounder,Actinopteri,NAFO (2013). Yellowtail flounder in Divisions 3LNO.,NAFO Divisions 3LNO,Relative Biomass (Total Biomass/ maximum sustainable yield of biomass),Relative biomass calculated based on fisheries data,Fishes,yes,
18493,Merluccius_gayi,South Pacific hake / Peruvian hake,Actinopteri,"Neira, S. and H. Arancibia (2013). ""Food web and fish stock changes in central Chile: comparing the roles of jumbo squid (Dosidicus gigas) predation, the environment, and fisheries."" Deep-Sea Research II 95: 103-112.","Central Zone, Chile",CPUE (tons/trawl hour),Fishery catch data from the Fisheries Research Fund,Fishes,no,FD data
17406,Xiphias_gladius,Swordfish,Actinopteri,"Nishida, T. and S.-P. Wang (2014). CPUE standardization of swordfish (Xiphias gladius) exploited by Japanese tuna longline fisheries in the Indian Ocean using cluster analysis for targeting effect, Indian Ocean Tuna Commission.",Japanese tuna longline fishing areas in the north-west Indian Ocean,Standardized CPUE,"Catch and effort data from the National Research Institute of Far Seas Fisheries, Japan was used with cluster analysis to estimate standardized CPUE using GLM.",Fishes,no,FD data
17407,Xiphias_gladius,Swordfish,Actinopteri,"Nishida, T. and S.-P. Wang (2014). CPUE standardization of swordfish (Xiphias gladius) exploited by Japanese tuna longline fisheries in the Indian Ocean using cluster analysis for targeting effect, Indian Ocean Tuna Commission.",Japanese tuna longline fishing areas in the north-east Indian Ocean,Standardized CPUE,"Catch and effort data from the National Research Institute of Far Seas Fisheries, Japan was used with cluster analysis to estimate standardized CPUE using GLM.",Fishes,no,FD data
17408,Xiphias_gladius,Swordfish,Actinopteri,"Nishida, T. and S.-P. Wang (2014). CPUE standardization of swordfish (Xiphias gladius) exploited by Japanese tuna longline fisheries in the Indian Ocean using cluster analysis for targeting effect, Indian Ocean Tuna Commission.",Japanese tuna longline fishing areas in the south-east Indian Ocean,Standardized CPUE,"Catch and effort data from the National Research Institute of Far Seas Fisheries, Japan was used with cluster analysis to estimate standardized CPUE using GLM.",Fishes,no,FD data
17409,Xiphias_gladius,Swordfish,Actinopteri,"Nishida, T. and S.-P. Wang (2014). CPUE standardization of swordfish (Xiphias gladius) exploited by Japanese tuna longline fisheries in the Indian Ocean using cluster analysis for targeting effect, Indian Ocean Tuna Commission.",Japanese tuna longline fishing areas in the south-west Indian Ocean,Standardized CPUE,"Catch and effort data from the National Research Institute of Far Seas Fisheries, Japan was used with cluster analysis to estimate standardized CPUE using GLM.",Fishes,no,FD data
1436,Gadus_morhua,Atlantic cod / Cod,Actinopteri,RAM Legacy RAM Legacy Stock Assessment Data Base version 3.0.,NAFO 4TVn,Spawning stock biomass (Thousand tonnes),SPA,Fishes,yes,
2063,Gadus_macrocephalus,Pacific cod,Actinopteri,RAM Legacy RAM Legacy Stock Assessment Data Base version 3.0.,Hecate Strait,Spawning stcok biomass/tonnes,SPA,Fishes,yes,
2078,Chrysophrys_auratus,Silver seabream,Actinopteri,RAM Legacy RAM Legacy Stock Assessment Data Base version 3.0.,New Zealand SNA 8,Spawning stock biomass/tonnes,Catch per unit effort and mark-recapture,Fishes,no,too smooth
2079,Parophrys_vetulus,English sole,Actinopteri,RAM Legacy RAM Legacy Stock Assessment Data Base version 3.0.,Hecate Strait (Area DC/5),Biomass (tonnes),Catch per unit effort,Fishes,no,FD data
4504,Anoplopoma_fimbria,Sablefish,Actinopteri,RAM Legacy RAM Legacy Stock Assessment Data Base version 3.0.,British Columbia coast,Trap-vulnerable biomass (tonnes),Estimated using tag-recovery data,Fishes,no,too smooth
4505,Melanogrammus_aeglefinus,Haddock,Actinopteri,RAM Legacy RAM Legacy Stock Assessment Data Base version 3.0.,"NAFO divisions 4X5Y, Southern Scotian Shelf and Bay of Fundy",spawning stock biomass ages 4+  (t),RV survey,Fishes,no,
4641,Clupea_harengus,Atlantic herring,Actinopteri,RAM Legacy RAM Legacy Stock Assessment Data Base version 3.0.,North Sea,Catch per one hour fishing,catch surveys,Fishes,no,
11206,Nemadactylus_macropterus,Tarakihi,Actinopteri,RAM Legacy RAM Legacy Stock Assessment Data Base version 3.0.,South-eastern Australian continental shelf,Catch weight per haul index,Historical trawler data,Fishes,no,too smooth
14554,Lepidopsetta_bilineata,Rock sole,Actinopteri,RAM Legacy RAM Legacy Stock Assessment Data Base version 3.0.,"Hecate Strait, British Columbia",Kg of fish captured per hour,Standardised research sampling surveys,Fishes,no,
19193,Dipturus_laevis,Barndoor skate,Elasmobranchii,RAM Legacy RAM Legacy Stock Assessment Data Base version 3.0.,Gulf of Maine / Georges Bank-Southern New England 5YZ,CPUE-kgpertow,Survey index - Temporal indices derived from scientific survey data,Fishes,no,
19194,Malacoraja_senta,Smooth skate,Elasmobranchii,RAM Legacy RAM Legacy Stock Assessment Data Base version 3.0.,Gulf of Maine / Georges Bank-Southern New England 5YZ,CPUE-kgpertow,Survey index - Temporal indices derived from scientific survey data,Fishes,no,
19195,Amblyraja_radiata,Starry ray,Elasmobranchii,RAM Legacy RAM Legacy Stock Assessment Data Base version 3.0.,Gulf of Maine / Georges Bank-Southern New England 5YZ,CPUE-kgpertow,Survey index - Temporal indices derived from scientific survey data,Fishes,no,
1467,Lutjanus_campechanus,Northern red snapper,Actinopteri,RAM Legacy Stock Assessment Database (2021) ‘RAM Legacy Stock Assessment Database v4.495’. Zenodo. Available at: https://doi.org/10.5281/zenodo.4824192.,US waters of Gulf of Mexico,Spawning stock biomass (Thousand billion eggs),SPA and RV,Fishes,yes,too smooth
1533,Scophthalmus_maximus,Turbot,Actinopteri,RAM Legacy Stock Assessment Database (2021) ‘RAM Legacy Stock Assessment Database v4.495’. Zenodo. Available at: https://doi.org/10.5281/zenodo.4824192.,Black Sea,Spawning stock biomass (Thousand tonnes),SPA,Fishes,yes,
1553,Solea_solea,Common sole,Actinopteri,RAM Legacy Stock Assessment Database (2021) ‘RAM Legacy Stock Assessment Database v4.495’. Zenodo. Available at: https://doi.org/10.5281/zenodo.4824192.,ICES Division VIIe (Western Channel),SSB  (tonnes),"Based on landings, 1 survey and 4 commercial  CPUE series",Fishes,yes,
1564,Thunnus_obesus,Bigeye tuna,Actinopteri,RAM Legacy Stock Assessment Database (2021) ‘RAM Legacy Stock Assessment Database v4.495’. Zenodo. Available at: https://doi.org/10.5281/zenodo.4824192.,East Pacific,Spawning stock biomass (tonnes of females),"SPA, age-structures, catch-at-length analysis",Fishes,yes,
1567,Thunnus_thynnus,Atlantic bluefin tuna / Northern bluefin tuna,Actinopteri,RAM Legacy Stock Assessment Database (2021) ‘RAM Legacy Stock Assessment Database v4.495’. Zenodo. Available at: https://doi.org/10.5281/zenodo.4824192.,West Atlantic,Spawning stock biomass (tonnes),SPA,Fishes,yes,too smooth
1581,Xiphias_gladius,Swordfish,Actinopteri,RAM Legacy Stock Assessment Database (2021) ‘RAM Legacy Stock Assessment Database v4.495’. Zenodo. Available at: https://doi.org/10.5281/zenodo.4824192.,North Atlantic,TB-MT,SPA,Fishes,yes,too smooth
2041,Anoplopoma_fimbria,Sablefish,Actinopteri,RAM Legacy Stock Assessment Database (2021) ‘RAM Legacy Stock Assessment Database v4.495’. Zenodo. Available at: https://doi.org/10.5281/zenodo.4824192.,West Coast of USA,Female spawning stock biomass / tonnes,SPA,Fishes,yes,too smooth
2060,Engraulis_ringens,Anchoveta / Anchovy,Actinopteri,RAM Legacy Stock Assessment Database (2021) ‘RAM Legacy Stock Assessment Database v4.495’. Zenodo. Available at: https://doi.org/10.5281/zenodo.4824192.,"N/C stock, Peru",TB-MT,SPA,Fishes,yes,
2090,Sardinops_sagax,Pacific sardine / South American pilchard,Actinopteri,RAM Legacy Stock Assessment Database (2021) ‘RAM Legacy Stock Assessment Database v4.495’. Zenodo. Available at: https://doi.org/10.5281/zenodo.4824192.,Japan E,Spawning stock biomass/millions,SPA,Fishes,yes,
2092,Scomber_japonicus,Chub mackerel,Actinopteri,RAM Legacy Stock Assessment Database (2021) ‘RAM Legacy Stock Assessment Database v4.495’. Zenodo. Available at: https://doi.org/10.5281/zenodo.4824192.,Pacific coast of Japan,Spawning stock biomass/thousand tonnes of eggs,Egg survey,Fishes,no,
2097,Sebastes_alutus,Pacific ocean perch,Actinopteri,RAM Legacy Stock Assessment Database (2021) ‘RAM Legacy Stock Assessment Database v4.495’. Zenodo. Available at: https://doi.org/10.5281/zenodo.4824192.,"Gulf of Alaska, Alaska",Spawning stock biomass/tonnes of females,SPA,Fishes,yes,too smooth
2098,Sebastes_alutus,Pacific ocean perch,Actinopteri,RAM Legacy Stock Assessment Database (2021) ‘RAM Legacy Stock Assessment Database v4.495’. Zenodo. Available at: https://doi.org/10.5281/zenodo.4824192.,US West Coast,Spawning stock biomass/Millions of eggs,SPA,Fishes,yes,too smooth
2169,Thunnus_alalunga,Albacore tuna,Actinopteri,RAM Legacy Stock Assessment Database (2021) ‘RAM Legacy Stock Assessment Database v4.495’. Zenodo. Available at: https://doi.org/10.5281/zenodo.4824192.,South Pacific Ocean,Spawning Stock Biomass Index,SPA,Fishes,yes,
2327,Melanogrammus_aeglefinus,Haddock,Actinopteri,RAM Legacy Stock Assessment Database (2021) ‘RAM Legacy Stock Assessment Database v4.495’. Zenodo. Available at: https://doi.org/10.5281/zenodo.4824192.,"ICES division Va, Iceland",SSB  tonnes,Based on age-disaggregated landings and survey data,Fishes,yes,
5711,Atheresthes_stomias,Arrowtooth flounder,Actinopteri,RAM Legacy Stock Assessment Database (2021) ‘RAM Legacy Stock Assessment Database v4.495’. Zenodo. Available at: https://doi.org/10.5281/zenodo.4824192.,Gulf of Alaska,SSB-MT,Unknown,Fishes,yes,too smooth
5934,Gadus_chalcogrammus,Alaska pollock / Walleye pollock,Actinopteri,RAM Legacy Stock Assessment Database (2021) ‘RAM Legacy Stock Assessment Database v4.495’. Zenodo. Available at: https://doi.org/10.5281/zenodo.4824192.,Eastern Bering sea,SSB-MT,biomass estiamte based on area swept expansion methods from bottom trawl surveys,Fishes,no,
6201,Clupea_harengus,Atlantic herring,Actinopteri,RAM Legacy Stock Assessment Database (2021) ‘RAM Legacy Stock Assessment Database v4.495’. Zenodo. Available at: https://doi.org/10.5281/zenodo.4824192.,NAFO 4R spring spawners,Spawning stock biomass (Tonnes),SPA,Fishes,yes,
8273,Gadus_chalcogrammus,Alaska pollock / Walleye pollock,Actinopteri,RAM Legacy Stock Assessment Database (2021) ‘RAM Legacy Stock Assessment Database v4.495’. Zenodo. Available at: https://doi.org/10.5281/zenodo.4824192.,Aleutian Islands,SSB-MT,Modelled survey data,Fishes,yes,
10967,Xiphias_gladius,Swordfish,Actinopteri,RAM Legacy Stock Assessment Database (2021) ‘RAM Legacy Stock Assessment Database v4.495’. Zenodo. Available at: https://doi.org/10.5281/zenodo.4824192.,North Pacific,TB-MT,Longline fishing,Fishes,no,
11202,Platycephalus_richardsoni,Tiger flathead,Actinopteri,RAM Legacy Stock Assessment Database (2021) ‘RAM Legacy Stock Assessment Database v4.495’. Zenodo. Available at: https://doi.org/10.5281/zenodo.4824192.,South-eastern Australian continental shelf,SSB-MT,Historical trawler data,Fishes,no,
15328,Dissostichus_eleginoides,Patagonian toothfish,Actinopteri,RAM Legacy Stock Assessment Database (2021) ‘RAM Legacy Stock Assessment Database v4.495’. Zenodo. Available at: https://doi.org/10.5281/zenodo.4824192.,Prince Edward Islands EEZ,SSB-MT,Records taken from commercial trawlers were standardised into CPUE,Fishes,yes,"FD data, looks interpolated"
19169,Thunnus_thynnus,Atlantic bluefin tuna / Northern bluefin tuna,Actinopteri,RAM Legacy Stock Assessment Database (2021) ‘RAM Legacy Stock Assessment Database v4.495’. Zenodo. Available at: https://doi.org/10.5281/zenodo.4824192.,Eastern Atlantic,SSB-MT,VPA - A general approach to fitting VPA models. ADAPT is based on minimising the sum-of-squares over any number of indices of abundance to find best-fit parameters.,Fishes,yes,
19172,Lepidopsetta_polyxystra,Northern rock sole,Actinopteri,RAM Legacy Stock Assessment Database (2021) ‘RAM Legacy Stock Assessment Database v4.495’. Zenodo. Available at: https://doi.org/10.5281/zenodo.4824192.,Eastern Bering Sea and Aleutian Islands USA-NMFS-EBSAI,SSB-MT,Survey index - Temporal indices derived from scientific survey data,Fishes,no,
19176,Melanogrammus_aeglefinus,Haddock,Actinopteri,RAM Legacy Stock Assessment Database (2021) ‘RAM Legacy Stock Assessment Database v4.495’. Zenodo. Available at: https://doi.org/10.5281/zenodo.4824192.,Georges Bank - NAFO 5Z,SSB-MT,VPA - Virtual Population Analysis,Fishes,yes,
19203,Clupea_harengus,Atlantic herring,Actinopteri,RAM Legacy Stock Assessment Database (2021) ‘RAM Legacy Stock Assessment Database v4.495’. Zenodo. Available at: https://doi.org/10.5281/zenodo.4824192.,ICES 28,SSB-MT,VPA - Extended Survivor Analysis,Fishes,yes,
19210,Clupea_harengus,Atlantic herring,Actinopteri,RAM Legacy Stock Assessment Database (2021) ‘RAM Legacy Stock Assessment Database v4.495’. Zenodo. Available at: https://doi.org/10.5281/zenodo.4824192.,ICES-VIa-VIIb-VIIc,SSB-MT,VPA - Virtual Population Analysis,Fishes,yes,
19260,Gadus_chalcogrammus,Alaska pollock / Walleye pollock,Actinopteri,RAM Legacy Stock Assessment Database (2021) ‘RAM Legacy Stock Assessment Database v4.495’. Zenodo. Available at: https://doi.org/10.5281/zenodo.4824192.,Northern Sea of Okhotsk,SSB-MT,VPA - Extended Survivor Analysis,Fishes,yes,
19332,Myzopsetta_ferruginea,Yellowtail flounder,Actinopteri,RAM Legacy Stock Assessment Database (2021) ‘RAM Legacy Stock Assessment Database v4.495’. Zenodo. Available at: https://doi.org/10.5281/zenodo.4824192.,Southern New England-Mid Atlantic,SSB-MT,VPA - Virtual Population Analysis,Fishes,yes,
19343,Scomber_japonicus,Chub mackerel,Actinopteri,RAM Legacy Stock Assessment Database (2021) ‘RAM Legacy Stock Assessment Database v4.495’. Zenodo. Available at: https://doi.org/10.5281/zenodo.4824192.,Tsushima Strait,SSB-MT,VPA - Virtual Population Analysis,Fishes,yes,
19344,Engraulis_japonicus,Japanese anchovy,Actinopteri,RAM Legacy Stock Assessment Database (2021) ‘RAM Legacy Stock Assessment Database v4.495’. Zenodo. Available at: https://doi.org/10.5281/zenodo.4824192.,Tsushima Strait,SSB-MT,VPA - Virtual Population Analysis,Fishes,yes,
19345,Trachurus_japonicus,Japanese jack mackerel,Actinopteri,RAM Legacy Stock Assessment Database (2021) ‘RAM Legacy Stock Assessment Database v4.495’. Zenodo. Available at: https://doi.org/10.5281/zenodo.4824192.,Tsushima Strait,SSB-MT,VPA - Virtual Population Analysis,Fishes,yes,
19346,Sardinops_sagax,Pacific sardine / South American pilchard,Actinopteri,RAM Legacy Stock Assessment Database (2021) ‘RAM Legacy Stock Assessment Database v4.495’. Zenodo. Available at: https://doi.org/10.5281/zenodo.4824192.,Tsushima Strait,SSB-MT,VPA - Virtual Population Analysis,Fishes,yes,
19347,Etrumeus_sadina,Red-eye round herring,Actinopteri,RAM Legacy Stock Assessment Database (2021) ‘RAM Legacy Stock Assessment Database v4.495’. Zenodo. Available at: https://doi.org/10.5281/zenodo.4824192.,Tsushima Strait,SSB-MT,VPA - Virtual Population Analysis,Fishes,yes,
20314,Clupea_harengus,Atlantic herring,Actinopteri,RAM Legacy Stock Assessment Database (2021) ‘RAM Legacy Stock Assessment Database v4.495’. Zenodo. Available at: https://doi.org/10.5281/zenodo.4824192.,NAFO 4T,Spawning stock biomass (fall),VPA,Fishes,yes,
20315,Clupea_harengus,Atlantic herring,Actinopteri,RAM Legacy Stock Assessment Database (2021) ‘RAM Legacy Stock Assessment Database v4.495’. Zenodo. Available at: https://doi.org/10.5281/zenodo.4824192.,NAFO 4T,Spawning stock biomass (spring),VPA,Fishes,yes,
300019,Sphyrna_zygaena,Smooth hammerhead,Elasmobranchii,"Reid, D. D., W. D. Robbins, and V. M. Peddemors. ""Decadal trends in shark catches and effort from the New South Wales, Australia, Shark Meshing Program 1950–2010."" Marine and Freshwater Research 62.6 (2011): 676-693.",New South Wales coast Australia,individual,bather_protection_net,Fishes,no,
19642,Carcharodon_carcharias,Great white shark,Elasmobranchii,"Reid, D. D., W. D. Robbins, et al. (2011). ""Decadal trends in shark catches and effort from the New South Wales, Australia, Shark Meshing Program 1950–2010."" Marine and Freshwater Research 62(6): 676-693","New South Wales, Australia","CPUE (catch / 100 net days)
","NSW Shark Meshing Program
",Fishes,no,
300021,Prionace_glauca,Blue shark,Elasmobranchii,"Rice, J. 2017. Stock Assessment of Blue Shark in the Indian Ocean using Stock Synthesis. Working Party on Ecosystems and Bycatch, Indian Ocean Tuna Commission Report: IOTC-2017-WPEB13-33.",Indian,ton,multiple,Fishes,yes,
300018,Carcharhinus_obscurus,Dusky shark,Elasmobranchii,"SEDAR. 2016. Update assessment to SEDAR 21. HMS Dusky Shark. SEDAR, North Charleston, SC, USA.",Northwest Atlantic and North Gulf of Mexico,kg,multiple,Fishes,yes,
22048,Oncorhynchus_keta,Chum salmon,Actinopteri,"Skeena Salmon Program. ""Spawner Abundance and Total Run Size for Skeena Salmon Populations from 1954-2014."" Retrieved February 2017, from http://data.skeenasalmonprogram.ca/data-library/, Spawner Abundance and Total Run Size for Skeena Salmon Populations from 1954-2014. Pacific Salmon Foundation.","Lower Skeena-CM, Skeena River Watershed in Northwest British Columbia",Estimated Spawner Abundance by Conservation Unit,Counts,Fishes,no,
22051,Oncorhynchus_kisutch,Coho salmon,Actinopteri,"Skeena Salmon Program. ""Spawner Abundance and Total Run Size for Skeena Salmon Populations from 1954-2014."" Retrieved February 2017, from http://data.skeenasalmonprogram.ca/data-library/, Spawner Abundance and Total Run Size for Skeena Salmon Populations from 1954-2014. Pacific Salmon Foundation.","Lower Skeena-CO, Skeena River Watershed in Northwest British Columbia",Estimated Spawner Abundance by Conservation Unit,Counts,Fishes,no,
22052,Oncorhynchus_kisutch,Coho salmon,Actinopteri,"Skeena Salmon Program. ""Spawner Abundance and Total Run Size for Skeena Salmon Populations from 1954-2014."" Retrieved February 2017, from http://data.skeenasalmonprogram.ca/data-library/, Spawner Abundance and Total Run Size for Skeena Salmon Populations from 1954-2014. Pacific Salmon Foundation.","Middle Skeena-CO, Skeena River Watershed in Northwest British Columbia",Estimated Spawner Abundance by Conservation Unit,Counts,Fishes,no,
17808,Triglops_murrayi,Moustache sculpin,Actinopteri,"Swain, D. P., et al. (2015). ""Spatial distribution of fishes in a Northwest Atlantic ecosystem in relation to risk of predation by a marine mammal."" Journal of Animal Ecology 84: 1286–1298.","Magdalen Shallows, Southern Gulf of St. Lawrence",Annual stratified-mean catch per unit of effort (fish per tow),"Annual bottom-trawl survey in September with stratified random design. Survey catch rates have been adjusted for effects of changes in vessel, gear and protocol.",Fishes,no,
17809,Enchelyopus_cimbrius,Fourbeard rockling,Actinopteri,"Swain, D. P., et al. (2015). ""Spatial distribution of fishes in a Northwest Atlantic ecosystem in relation to risk of predation by a marine mammal."" Journal of Animal Ecology 84: 1286–1298.","Magdalen Shallows, southern Gulf of St. Lawrence",Abundance given as the mean catch rate (fish per tow),Annual bottom-trawl survey in September with stratified random design,Fishes,no,
17810,Aspidophoroides_monopterygius,Alligatorfish,Actinopteri,"Swain, D. P., et al. (2015). ""Spatial distribution of fishes in a Northwest Atlantic ecosystem in relation to risk of predation by a marine mammal."" Journal of Animal Ecology 84: 1286–1298.","Magdalen Shallows, southern Gulf of St. Lawrence",Mean catch rate (fish per tow),Annual bottom-trawl survey in September with stratified random design,Fishes,no,
11167,Cervus_elaphus,Red deer / Elk,Mammalia," Apollonio, M., R. Andersen, et al., Eds. (2010). European Ungulates and their Managment in the 21st Century, Cambridge University Press.",Slovakia,Individuals,Counting is a requirement and ocurs on two consecutaive days n early march by the responsible gamekeepers/hunters using transects. Sightings are recorded,Mammals,no,
11169,Cervus_elaphus,Red deer / Elk,Mammalia," Apollonio, M., R. Andersen, et al., Eds. (2010). European Ungulates and their Managment in the 21st Century, Cambridge University Press.",Hungary,Spring population size in individuals,Counts made in spring through different methods (see notes),Mammals,no,
1965,Halichoerus_grypus,Grey seal,Mammalia," Duck, C. (2002). Annex II - Pup Production in the British Grey Seal Population. UK Special Committee on Seals, Scientific Advice on Matters Related to the Management of Seal Populations.",Farne Islands,Pup production estimates.,Counts from aerial survey photographs,Mammals,no,
5831,Myodes_rufocanus,Grey-sided vole / Grey red-backed vole,Mammalia," Falck, W., Bjørnstad, et al. (1995). ""Voles and lemmings: chaos and uncertainty in fluctuating populations."" Proceedings of the Royal Society B: Biological Sciences. 262: 363-370.| NERC Centre for Population Biology (1999). The Global Populations Dynamics Database. http://cpbnts1.bio.ic.ac.uk/gpdd/, Imperial College,.","Kilpisjarvi area, Lappi",Individuals,Live trapping ,Mammals,no,
11154,Rupicapra_rupicapra,Tatra chamois / Alpine chamois,Mammalia," Filli, F. (2008). 100 Jahre unter Schutz: Die Gämse im Schweizerischen Nationalpark. Das   Gamswild in Bedrängnis? –  Ökologie, Sörfaktoren, Jag Managment. Donnerstag.",Schweizer Nationalpark,Individuals (kids excluded),Census based on visual searching,Mammals,no,
539,Capra_ibex,Alpine ibex,Mammalia," Jacobson, A. R., A. Provenzale, et al. (2004). ""Climate forcing and density dependence in a mountain ungulate population."" Ecology 85: 1598-1610.","Gran Paradiso NP, NW Italy",Number of individuals,Observed total ibex -  fall census,Mammals,no,
11147,Alces_alces,Elk / moose,Mammalia," Minoranskiy, V. A., V. V. Sidelnikov, et al. (2009). ""History and status of moose in the Rostov region, Russia."" Alces 45: 21-24.",Rostov-Oblast (Rostov District),Count of individuals,Unknown,Mammals,no,
4926,Pan_troglodytes,Chimpanzee,Mammalia," Pusey, A. E., L. Pintea, et al. (2007). ""The Contribution to Long-Term Research at Gombe National Park to Chimpanzee Conservation."" Conservation Biology 21(3): 623-634.","Gombe National Park, Kigoma Region, northwestern Tanzania",Individuals,Recognition of individual animals,Mammals,no,
4860,Eumetopias_jubatus,Steller sea lion,Mammalia," Trites, A. W. and C. P. Donnelly (2003). ""The decline of Steller sea lions Eumetopias jubatus in Alaska: a review of the nutritional stress hypothesis."" Mammal Review. 33(1): 3-28.",Alaska - Western stock,number of individuals,unknown,Mammals,yes,data smoothed and interpolated
4809,Canis_lupus,Grey wolf / Gray wolf,Mammalia," Vucetich, J. A. and R. O. Peterson (2004). ""The influence of prey consumption and demographic stochasticity on population growth rate of Isle Royale wolves Canis lupus."" Oikos 107: 309-320.","Isle Royale National Park, USA",number of individuals,aerial survey with fixed-wing aircraft,Mammals,no,
11473,Capreolus_capreolus,European roe deer,Mammalia,"Apollonio, M., R. Andersen, et al., Eds. (2010). European Ungulates and their Managment in the 21st Century, Cambridge University Press.",Hungary,Spring population size,Unknown,Mammals,no,
11474,Sus_scrofa,Wild boar / Wild pig,Mammalia,"Apollonio, M., R. Andersen, et al., Eds. (2010). European Ungulates and their Managment in the 21st Century, Cambridge University Press.",Hungary,Spring population size ,Unknown,Mammals,no,
10392,Ovibos_moschatus,Musk ox,Mammalia,"Asbjørnsen, E. J., B.-E. Sæther, et al. (2005). ""Predicting the growth of a small introduced muskox population using population prediction intervals."" Journal of Animal Ecology 74(4): 612-618.| Rangbru, B. (2010). Moskus på Dovrefjell - Informasjonsskriv 2010. Trondheim, Fylkesmannen i Sør-Trøndelag.","Dovre Mountains, Central Norway",Number of individuals,Census via 'transect',Mammals,no,
10096,Panthera_leo,African lion / Asiatic lion,Mammalia,"Burton, A. C., E. B. Buedi, C. Balangtaa, D. G. Kpelle, M. K. Sam and J. S. Brashares (2010). ""The decline of lions in Ghana’s Mole National Park."" African Journal of Ecology 49(1): 122-126.","Mole National Park, Northern Ghana",Sightings per 100 patrols,Ground patrol sitings,Mammals,no,
27909,Halichoerus_grypus,Grey seal,Mammalia,"CBS et al. (2020) Gewone en grijze zeehond in Waddenzee en Deltagebied, 1960 - 2020 (indicator 1231, versie 17 , 9 juli 2020). Den Haag, Bilthoven, Wageningen: Centraal Bureau voor de Statistiek (CBS), PBL Planbureau voor de Leefomgeving, RIVM Rijksinstituut voor Volksgezondheid en Milieu, Wageningen University and Research. Available at: www.clo.nl.",Dutch Wadden Sea,Number of individuals,Standardised annual surveys,Mammals,yes,exp growth
27913,Phoca_vitulina,Harbour seal,Mammalia,"CBS et al. (2020) Gewone en grijze zeehond in Waddenzee en Deltagebied, 1960 - 2020 (indicator 1231, versie 17 , 9 juli 2020). Den Haag, Bilthoven, Wageningen: Centraal Bureau voor de Statistiek (CBS), PBL Planbureau voor de Leefomgeving, RIVM Rijksinstituut voor Volksgezondheid en Milieu, Wageningen University and Research. Available at: www.clo.nl.",Dutch Wadden Sea,Number of individuals,Standardised annual surveys,Mammals,yes,exp growth
27915,Phoca_vitulina,Harbour seal,Mammalia,"CBS et al. (2020) Gewone en grijze zeehond in Waddenzee en Deltagebied, 1960 - 2020 (indicator 1231, versie 17 , 9 juli 2020). Den Haag, Bilthoven, Wageningen: Centraal Bureau voor de Statistiek (CBS), PBL Planbureau voor de Leefomgeving, RIVM Rijksinstituut voor Volksgezondheid en Milieu, Wageningen University and Research. Available at: www.clo.nl.",South Holland Delta,Number of individuals,Standardised annual surveys,Mammals,yes,exp growth
19103,Antilocapra_americana,Pronghorn,Mammalia,"Christie, K. S., et al. (2015). ""Long-term changes in pronghorn abundance index linked to climate and oil development in North Dakota."" Biological Conservation 192: 445-453.",North Dakota,Estimated index of abundance,Aerial surveys,Mammals,no,
10734,Bison_bonasus,European bison,Mammalia,"Dackiewicz, J. (2009). ""80 lat restytucji ?ubrów w Puszczy Bia?owieskiej."" European Bison Conservation Newsletter 2: 123-128.","Polish part of Bia?Úowie??a National Park, Poland",Numebr of individuals,Direct counts at,Mammals,no,
22039,Odocoileus_virginianus,White-tailed deer,Mammalia,"Fowler, S. (2016). New Brunswick deer herd down 70% in 30 years, DNR numbers show. CBC News.",New Brunswick,Number of individuals,Population estimate,Mammals,no,
27830,Lynx_lynx,Eurasian lynx,Mammalia,"Kawata, Y. (2008) ‘Population dynamics of the lynx (Lynx lynx) in the Bialowieza Primeval Forest revisited: a statistical analysis of density-dependent migration’, Electronic Journal of Polish Agricultural Universities, 11(4), p. 6.",Bia?Úowie??a Forest (Belarusian part),Number of individuals,Data from J?Ídrzejewski et al. (1996) based on snowtracking,Mammals,no,
14553,Orcinus_orca,Killer whale / Orca,Mammalia,"Lawson, J. and T. Stevens (2014). ""Historic and current distribution patterns, and minimum abundance of killer whales (Orcinus orca) in the north-west Atlantic."" Journal of the Marine Biological Association of the United Kingdom Volume 94(6): 1253-1265.",North-west Atlantic Ocean,Number of sightings,"Photographs gathered from public and governmental sources, number of sightings based on number of unique individuals.",Mammals,no,
18740,Myodes_glareolus,Bank vole,Mammalia,"Terraube, J., A. Villers, L. Poudre, R. Varjonen and E. Korpimäiki (2017). ""Increased autumn rainfall disrupts predator-prey interactions in fragmented boreal forests."" Global Change Biology 23: 1361-1373.","Kauhava region, western Finland",Number of individuals per 100 trap-nights,Snap-trapping in mid-May and late September in four sample plots,Mammals,no,
19783,Rangifer_tarandus,Reindeer / Caribou,Mammalia,"Weir, J. N., et al. (2014). Caribou Data Synthesis - Progress Report #2. Status of the Newfoundland population of woodland caribou. St. John's, NL, Sustainable Development and Strategic Science,Government of Newfoundland and Labrador,. Technical Bulletin No. 008.","Newfoundland, Canada",Estimated number of individuals,"Systematic strip, random block, or markÈÃ¶recapture census procedures including fixed-wing, helicopter and ground resighting surveys. Pooled estimates for individual herds. Population viability analysis for herds not recently surveyed. Years not surveyed interpolated. ",Mammals,yes,data smoothed and interpolated
27918,Rupicapra_rupicapra,Tatra chamois / Alpine chamois,Mammalia,"Zemanová, B. (2014) Genetic structure of chamois populations in central Europe. PhD. Masaryk University & Academy Of Sciences of the Czech Republic.",High Tatras Mountains,Population size,Data adapted from H?Ýjkov?Ý (2007),Mammals,no,
