"Id","Loc","Name","ID","Binomial","Common_name","Citation","SamplingInterval","mo_timestep","ndatapoints","longestrun","propmissing","propzeros","monotonic","Mass_g","MinAge_mo","TaxonomicGroup","Location","Country","Longitude","Latitude","data_rescale_case"
"LP_539","Gran Paradiso NP, NW Italy","Alpine ibex",539,"Capra_ibex","Alpine ibex"," Jacobson, A. R., A. Provenzale, et al. (2004). ""Climate forcing and density dependence in a mountain ungulate population."" Ecology 85: 1598-1610.","annual",12,45,45,0,0,0.564727585387856,77000,26.89,"Mammals","Gran Paradiso NP, NW Italy","Italy",7.56667,45.41667,1
"LP_848","Adams Complex, British Columbia","Sockeye salmon / Red salmon",848,"Oncorhynchus_nerka","Sockeye salmon / Red salmon"," Myers, R. Ransom Myers' Stock Recruitment Database.","annual",12,44,44,0,0,-0.00479210711768851,1400,24,"Fishes","Adams Complex, British Columbia","Canada",-119.33,50.54,1
"LP_849","Birkenhead River, BC","Sockeye salmon / Red salmon",849,"Oncorhynchus_nerka","Sockeye salmon / Red salmon"," Myers, R. Ransom Myers' Stock Recruitment Database.","annual",12,44,44,0,0,0.548837209302326,1400,24,"Fishes","Birkenhead River, BC","Canada",-122,50,1
"LP_850","Chilko Lake, British Columbia","Sockeye salmon / Red salmon",850,"Oncorhynchus_nerka","Sockeye salmon / Red salmon"," Myers, R. Ransom Myers' Stock Recruitment Database.","annual",12,44,44,0,0,0.372233967582805,1400,24,"Fishes","Chilko Lake, British Columbia","Canada",-124.22556,51.15694,1
"LP_851","Chilko River, BC","Sockeye salmon / Red salmon",851,"Oncorhynchus_nerka","Sockeye salmon / Red salmon"," Myers, R. Ransom Myers' Stock Recruitment Database.","annual",12,44,44,0,0,0.279915433403805,1400,24,"Fishes","Chilko River, BC","Canada",-123.27,52.06,1
"LP_852","Early Stuart Complex, BC","Sockeye salmon / Red salmon",852,"Oncorhynchus_nerka","Sockeye salmon / Red salmon"," Myers, R. Ransom Myers' Stock Recruitment Database.","annual",12,45,45,0,0,0.306324110671937,1400,24,"Fishes","Early Stuart Complex, BC","Canada",-123.32,53.59,1
"LP_853","Horsefly River, BC","Sockeye salmon / Red salmon",853,"Oncorhynchus_nerka","Sockeye salmon / Red salmon"," Myers, R. Ransom Myers' Stock Recruitment Database.","annual",12,44,44,0,0,0.544487121096343,1400,24,"Fishes","Horsefly River, BC","Canada",-121.23,52.28,1
"LP_854","Late Stuart Complex, BC","Sockeye salmon / Red salmon",854,"Oncorhynchus_nerka","Sockeye salmon / Red salmon"," Myers, R. Ransom Myers' Stock Recruitment Database.","annual",12,45,45,0,0,0.299077733860343,1400,24,"Fishes","Late Stuart Complex, BC","Canada",-123.32,53.59,1
"LP_856","Rivers Inlet, BC","Sockeye salmon / Red salmon",856,"Oncorhynchus_nerka","Sockeye salmon / Red salmon"," Myers, R. Ransom Myers' Stock Recruitment Database.","annual",12,45,45,0,0,0.162678823695343,1400,24,"Fishes","Rivers Inlet, BC","Canada",-127.25,51.28,1
"LP_857","Smith Inlet, BC","Sockeye salmon / Red salmon",857,"Oncorhynchus_nerka","Sockeye salmon / Red salmon"," Myers, R. Ransom Myers' Stock Recruitment Database.","annual",12,45,45,0,0,0.595180973373134,1400,24,"Fishes","Smith Inlet, BC","Canada",-127.25,51.19,1
"LP_858","Stellako River, BC","Sockeye salmon / Red salmon",858,"Oncorhynchus_nerka","Sockeye salmon / Red salmon"," Myers, R. Ransom Myers' Stock Recruitment Database.","annual",12,45,45,0,0,0.170223978919631,1400,24,"Fishes","Stellako River, BC","Canada",-124.53,54.03,1
"LP_859","Weaver Creek, BC","Sockeye salmon / Red salmon",859,"Oncorhynchus_nerka","Sockeye salmon / Red salmon"," Myers, R. Ransom Myers' Stock Recruitment Database.","annual",12,43,43,0,0,0.553609181516158,1400,24,"Fishes","Weaver Creek, BC","Canada",-121.53,49.19,1
"LP_861","Black Lake, Alaska","Sockeye salmon / Red salmon",861,"Oncorhynchus_nerka","Sockeye salmon / Red salmon"," Myers, R. Ransom Myers' Stock Recruitment Database.","annual",12,44,44,0,0,0.73315716227095,1400,24,"Fishes","Black Lake, Alaska","United States",-159,56.29,1
"LP_862","Egegik River, Alaska","Sockeye salmon / Red salmon",862,"Oncorhynchus_nerka","Sockeye salmon / Red salmon"," Myers, R. Ransom Myers' Stock Recruitment Database.","annual",12,45,45,0,0,0.597977535816346,1400,24,"Fishes","Egegik River, Alaska","United States",-157.24,58.11,1
"LP_863","Igushik River, Alaska","Sockeye salmon / Red salmon",863,"Oncorhynchus_nerka","Sockeye salmon / Red salmon"," Myers, R. Ransom Myers' Stock Recruitment Database.","annual",12,44,44,0,0,0.308548876656059,1400,24,"Fishes","Igushik River, Alaska","United States",-158.5,58.4,1
"LP_866","Kvichak River, Alaska","Sockeye salmon / Red salmon",866,"Oncorhynchus_nerka","Sockeye salmon / Red salmon"," Myers, R. Ransom Myers' Stock Recruitment Database.","annual",12,45,45,0,0,0.359947299077734,1400,24,"Fishes","Kvichak River, Alaska","United States",-157.03,58.52,1
"LP_868","Naknek, Alaska","Sockeye salmon / Red salmon",868,"Oncorhynchus_nerka","Sockeye salmon / Red salmon"," Myers, R. Ransom Myers' Stock Recruitment Database.","annual",12,45,45,0,0,0.590796798634019,1400,24,"Fishes","Naknek, Alaska","United States",-157,58.4,1
"LP_869","Red River, Alaska","Sockeye salmon / Red salmon",869,"Oncorhynchus_nerka","Sockeye salmon / Red salmon"," Myers, R. Ransom Myers' Stock Recruitment Database.","annual",12,44,44,0,0,0.76991930514477,1400,24,"Fishes","Red River, Alaska","United States",-154.37,57.16,1
"LP_870","Ugashik River, Alaska","Sockeye salmon / Red salmon",870,"Oncorhynchus_nerka","Sockeye salmon / Red salmon"," Myers, R. Ransom Myers' Stock Recruitment Database.","annual",12,45,45,0,0,0.527536231884058,1400,24,"Fishes","Ugashik River, Alaska","United States",-157.37,57.3,1
"LP_871","Wood River, Alaska","Sockeye salmon / Red salmon",871,"Oncorhynchus_nerka","Sockeye salmon / Red salmon"," Myers, R. Ransom Myers' Stock Recruitment Database.","annual",12,45,45,0,0,0.492094861660079,1400,24,"Fishes","Wood River, Alaska","United States",-158.3,59.03,1
"LP_885","Michigan Waters of Lake Superior","Lake trout",885,"Salvelinus_namaycush","Lake trout"," Hansen, M. J., J. W. Peck, et al. (1995). ""Lake trout (Salvelinus namaycush) populations in Lake Superior and restoration in 1959-1993."" Journal of Great Lakes Research 21(Supplement 1): 152-175.","annual",12,44,44,0,0,0.5707035331905,32700,78,"Fishes","Michigan Waters of Lake Superior","United States",-87.17472,47.26472,1
"LP_886","Wisconsin Waters of Lake Superior","Lake trout",886,"Salvelinus_namaycush","Lake trout"," Hansen, M. J., J. W. Peck, et al. (1995). ""Lake trout (Salvelinus namaycush) populations in Lake Superior and restoration in 1959-1993."" Journal of Great Lakes Research 21(Supplement 1): 152-175.","annual",12,44,44,0,0,0.428949176076414,32700,78,"Fishes","Wisconsin Waters of Lake Superior","United States",-90.5,47.15417,1
"LP_992","North America","Northern pintail",992,"Anas_acuta","Northern pintail"," Jamieson, L. E. and S. P. Brooks (2004). ""Density dependence in North American ducks."" Animal Biodiversity and Conservation 27(1): 113-128.","annual",12,48,48,0,0,-0.663895544288289,872.3,7.89,"Birds","North America","Canada",-108.44556,47.12944,1
"LP_995","North America","American wigeon",995,"Mareca_americana","American wigeon"," Jamieson, L. E. and S. P. Brooks (2004). ""Density dependence in North American ducks."" Animal Biodiversity and Conservation 27(1): 113-128.","annual",12,46,46,0,0,-0.368690736712409,786,11.97,"Birds","North America","United States",-97.22917,48.99722,1
"LP_999","North America","Northern shoveler",999,"Spatula_clypeata","Northern shoveler"," Jamieson, L. E. and S. P. Brooks (2004). ""Density dependence in North American ducks."" Animal Biodiversity and Conservation 27(1): 113-128.","annual",12,48,48,0,0,0.736107612005048,613,7.89,"Birds","North America","Canada",-108.44556,47.12944,1
"LP_1001","North America","Common teal",1001,"Anas_crecca","Common teal","Jamieson, L. E. and S. P. Brooks (2004). ""Density dependence in North American ducks."" Animal Biodiversity and Conservation 27(1): 113-128.","annual",12,48,48,0,0,0.585055715208613,343.8,8.93,"Birds","North America","Canada",-109.94056,56.72194,1
"LP_1007","North America","Blue-winged teal",1007,"Spatula_discors","Blue-winged teal"," Jamieson, L. E. and S. P. Brooks (2004). ""Density dependence in North American ducks."" Animal Biodiversity and Conservation 27(1): 113-128.","annual",12,48,48,0,0,0.156499414244452,398.5,9.92,"Birds","North America","Canada",-106.91889,49.015,1
"LP_1014","North America","Mallard",1014,"Anas_platyrhynchos","Mallard"," Jamieson, L. E. and S. P. Brooks (2004). ""Density dependence in North American ducks."" Animal Biodiversity and Conservation 27(1): 113-128.","annual",12,48,48,0,0,-0.136771267660631,1121,12,"Birds","North America","Canada",-106.91889,49.015,1
"LP_1019","North America","Gadwall",1019,"Mareca_strepera","Gadwall"," Jamieson, L. E. and S. P. Brooks (2004). ""Density dependence in North American ducks."" Animal Biodiversity and Conservation 27(1): 113-128.","annual",12,48,48,0,0,0.812485652301122,850,7.89,"Birds","North America","United States",-108.44556,47.12944,1
"LP_1024","North America","Redhead",1024,"Aythya_americana","Redhead"," Jamieson, L. E. and S. P. Brooks (2004). ""Density dependence in North American ducks."" Animal Biodiversity and Conservation 27(1): 113-128.","annual",12,48,48,0,0,0.375359147647471,1056.3,12,"Birds","North America","Canada",-106.91889,49.015,1
"LP_1029","North America","Canvasback",1029,"Aythya_valisineria","Canvasback"," Jamieson, L. E. and S. P. Brooks (2004). ""Density dependence in North American ducks."" Animal Biodiversity and Conservation 27(1): 113-128.","annual",12,48,48,0,0,-0.0255692547549142,1218.7,9.92,"Birds","North America","United States",-106.91889,49.015,1
"LP_1438","NAFO 4X","Atlantic cod / Cod",1438,"Gadus_morhua","Atlantic cod / Cod","Myers, R. Ransom Myers' Stock Recruitment Database.","annual",12,45,45,0,0,-0.294900516461915,15540.1,48,"Fishes","NAFO 4X","Canada",-65.3,43,1
"LP_1933","Tipperne","Northern lapwing",1933,"Vanellus_vanellus","Northern lapwing"," Thorup, O. (1998). ""Ynglefuglene pa Tipperne 1928-1992."" Dansk Ornitologisk Forenings Tidsskrift 92: 1-192.","annual",12,41,41,0,0,0.376245832923975,218,23.95,"Birds","Tipperne","Denmark",8.23333,55.88333,1
"LP_1965","Farne Islands","Grey seal",1965,"Halichoerus_grypus","Grey seal"," Duck, C. (2002). Annex II - Pup Production in the British Grey Seal Population. UK Special Committee on Seals, Scientific Advice on Matters Related to the Management of Seal Populations.","annual",12,46,46,0,0,-0.207228321598027,197570,49.29,"Mammals","Farne Islands","United Kingdom",1.61694,55.63306,1
"LP_2048","Northern Strait of Georgia","Pacific herring",2048,"Clupea_pallasii","Pacific herring","Myers, R. Ransom Myers' Stock Recruitment Database.","annual",12,41,41,0,0,0.631358885017422,965.5,44.4,"Fishes","Northern Strait of Georgia","Canada",-124,49.5,1
"LP_2077","Hauraki gulf/Bay of Plenty, New Zealand","Silver seabream",2077,"Chrysophrys_auratus","Silver seabream"," Myers, R. Ransom Myers' Stock Recruitment Database.","annual",12,47,47,0,0,-0.757827180797147,20000,NA,"Fishes","Hauraki gulf/Bay of Plenty, New Zealand","New Zealand",170,-36,1
"LP_2078","New Zealand SNA 8","Silver seabream",2078,"Chrysophrys_auratus","Silver seabream","RAM Legacy RAM Legacy Stock Assessment Data Base version 3.0.","annual",12,56,56,0,0,-0.93444976076555,20000,NA,"Fishes","New Zealand SNA 8","New Zealand",173.5,-37,1
"LP_2079","Hecate Strait (Area DC/5)","English sole",2079,"Parophrys_vetulus","English sole","RAM Legacy RAM Legacy Stock Assessment Data Base version 3.0.","annual",12,52,52,0,0,0.623295127247057,1202.2,36,"Fishes","Hecate Strait (Area DC/5)","Canada",-130.5,52.5,1
"LP_2092","Pacific coast of Japan","Chub mackerel",2092,"Scomber_japonicus","Chub mackerel","RAM Legacy Stock Assessment Database (2021) ‘RAM Legacy Stock Assessment Database v4.495’. Zenodo. Available at: https://doi.org/10.5281/zenodo.4824192.","annual",12,49,49,0,0,-0.372203372656129,2900,24,"Fishes","Pacific coast of Japan","Japan",142,36,1
"LP_3265","Pacific Flyway","Canada goose",3265,"Branta_canadensis","Canada goose"," Hupp, J., R. Stehn, et al. (1995). ""Arctic Nesting Geese: Alaskan Populations."" Our Living Resources: A report to the nation on the distribution, abundance, and health of U.S. plants, animals, and ecosystems. from http://biology.usgs.gov/s+t/noframe/b011.htm ","annual",12,41,41,0,0,0.00445182541179482,3984.5,24,"Birds","Pacific Flyway","United States",-122.08028,42.06833,1
"LP_4504","British Columbia coast","Sablefish",4504,"Anoplopoma_fimbria","Sablefish","RAM Legacy RAM Legacy Stock Assessment Data Base version 3.0.","annual",12,46,46,0,0,-0.967930928152945,NA,63.6,"Fishes","British Columbia coast","Canada",-131.17,53.499444,1
"LP_4505","NAFO divisions 4X5Y, Southern Scotian Sh","Haddock",4505,"Melanogrammus_aeglefinus","Haddock","RAM Legacy RAM Legacy Stock Assessment Data Base version 3.0.","annual",12,41,41,0,0,-0.59006968641115,4438.5,36.16,"Fishes","NAFO divisions 4X5Y, Southern Scotian Shelf and Bay of Fundy","Canada",-67,43,1
"LP_4637","South Umpqua River, Oregon","Chinook salmon",4637,"Oncorhynchus_tshawytscha","Chinook salmon"," Ratner, S., Lande R. and Roper, B. (1997). ""Population Viability Analysis of Spring Chinook Salmon in the South Umpqua River, Oregon."" Conservation Biology 11(4): 879-889.","annual",12,46,46,0,0,-0.246040971787738,61400,48.8,"Fishes","South Umpqua River, Oregon","United States",-123.445,43.26806,1
"LP_4641","North Sea","Atlantic herring",4641,"Clupea_harengus","Atlantic herring","RAM Legacy RAM Legacy Stock Assessment Data Base version 3.0.","annual",12,52,52,0,0,0.27960385896013,1100,38.4,"Fishes","North Sea","United Kingdom",2.86417,55.63472,1
"LP_4651","Britain","Pink-footed goose",4651,"Anser_brachyrhynchus","Pink-footed goose"," Frederiksen, M., R. D. Hearn, et al. (2004). ""The dynamics of hunted Icelandic goose populations: a reassessment of the evidence."" Journal of Applied Ecology. 41: 315-334.","annual",12,41,41,0,0,0.953604901732935,2707.5,36,"Birds","Britain","United Kingdom",-1.86806,57.59361,1
"LP_4809","Isle Royale National Park, USA","Grey wolf / Gray wolf",4809,"Canis_lupus","Grey wolf / Gray wolf"," Vucetich, J. A. and R. O. Peterson (2004). ""The influence of prey consumption and demographic stochasticity on population growth rate of Isle Royale wolves Canis lupus."" Oikos 107: 309-320.","annual",12,45,45,0,0,-0.338011427504019,29190.8,22.02,"Mammals","Isle Royale National Park, USA","United States",-88.83333,48.00056,1
"LP_4926","Gombe National Park, Kigoma Region, nort","Chimpanzee",4926,"Pan_troglodytes","Chimpanzee"," Pusey, A. E., L. Pintea, et al. (2007). ""The Contribution to Long-Term Research at Gombe National Park to Chimpanzee Conservation."" Conservation Biology 21(3): 623-634.","annual",12,43,43,0,0,-0.796704370129219,44983.5,119.57,"Mammals","Gombe National Park, Kigoma Region, northwestern Tanzania","Tanzania, United Republic Of",29.62139,-4.70528,1
"LP_5425","Cape Royds, Ross Island, in the southwes","Adelie penguin",5425,"Pygoscelis_adeliae","Adelie penguin","Wilson, P. R., D. G. Ainley, et al. (2001). ""Adélie penguin population change in the pacific sector of Antarctica: relation to sea-ice extent and the Antarctic Circumpolar Current."" Marine Ecology Progress Series. 213: 301–309. | Landcare Research (2015). Adélie census data. http://www.landcareresearch.co.nz/resources/data/adelie-census-data.","annual",12,52,45,0.0545454545454545,0,0.639894572236689,4850,44.93,"Birds","Cape Royds, Ross Island, in the southwestern Ross Sea","Antarctica",166.18333,-77.56667,1
"LP_5746","Fishing Branch River, Porcupine River dr","Chum salmon",5746,"Oncorhynchus_keta","Chum salmon"," JTC (2007). Yukon River salmon 2006 season summary and 2007 season outlook. Regional Information Report No. 3A07-01. D. o. C. F. a. O. C. Alaska Department of Fish and Game. Anchorage.| JTC (2009). Yukon River salmon 2008 season summary and 2007 season outlook. Regional Information Report No. 3A09-01. D. o. C. F. a. O. C. Alaska Department of Fish and Game. Anchorage. | JTC (Joint Technical Committee of the Yukon River U.S./Canada Panel) (2020). Yukon River salmon 2019 season summary and 2020 season outlook. Regional Information Report 3A20-01. Anchorage, Alaska, Alaska Department of Fish and Game, Division of Commercial Fisheries.","annual",12,48,48,0,0,-0.506079027355623,15900,39,"Fishes","Fishing Branch River, Porcupine River drainage","Canada",-140.60139,67.46583,1
"LP_5749","Delta River, Tanana River drainage, Alas","Chum salmon",5749,"Oncorhynchus_keta","Chum salmon"," JTC (2007). Yukon River salmon 2006 season summary and 2007 season outlook. Regional Information Report No. 3A07-01. D. o. C. F. a. O. C. Alaska Department of Fish and Game. Anchorage.| JTC (2011). Yukon River Salmon 2010 Season Summary and 2011 Season Outlook. Regional Information Report. T. U. S. a. C. Y. R. J. T. Committee, Alaska Department of Fish and Game. No. 3A11-01: 220. | JTC (Joint Technical Committee of the Yukon River U.S./Canada Panel) (2020). Yukon River salmon 2019 season summary and 2020 season outlook. Regional Information Report 3A20-01. Anchorage, Alaska, Alaska Department of Fish and Game, Division of Commercial Fisheries.","annual",12,48,48,0,0,0.634407143284627,15900,39,"Fishes","Delta River, Tanana River drainage, Alaska","United States",-145.97222,63.17278,1
"LP_5765","Delta Clearwater River, Upper Tanana riv","Coho salmon",5765,"Oncorhynchus_kisutch","Coho salmon"," JTC (2007). Yukon River salmon 2006 season summary and 2007 season outlook. Regional Information Report No. 3A07-01. D. o. C. F. a. O. C. Alaska Department of Fish and Game. Anchorage.| JTC (2009). Yukon River salmon 2008 season summary and 2007 season outlook. Regional Information Report No. 3A09-01. D. o. C. F. a. O. C. Alaska Department of Fish and Game. Anchorage. | JTC (Joint Technical Committee of the Yukon River U.S./Canada Panel) (2020). Yukon River salmon 2019 season summary and 2020 season outlook. Regional Information Report 3A20-01. Anchorage, Alaska, Alaska Department of Fish and Game, Division of Commercial Fisheries.","annual",12,48,48,0,0,0.24880590534086,15200,36,"Fishes","Delta Clearwater River, Upper Tanana river drainage, Yukon, Alaska","United States",-146.02806,63.1825,1
"LP_5781","Anvik River, Yukon river drainage, Alask","Chum salmon",5781,"Oncorhynchus_keta","Chum salmon"," JTC (2007). Yukon River salmon 2006 season summary and 2007 season outlook. Regional Information Report No. 3A07-01. D. o. C. F. a. O. C. Alaska Department of Fish and Game. Anchorage.| JTC (2009). Yukon River salmon 2008 season summary and 2007 season outlook. Regional Information Report No. 3A09-01. D. o. C. F. a. O. C. Alaska Department of Fish and Game. Anchorage. | JTC (Joint Technical Committee of the Yukon River U.S./Canada Panel) (2020). Yukon River salmon 2019 season summary and 2020 season outlook. Regional Information Report 3A20-01. Anchorage, Alaska, Alaska Department of Fish and Game, Division of Commercial Fisheries.","annual",12,41,41,0,0,-0.434668989547038,15900,39,"Fishes","Anvik River, Yukon river drainage, Alaska","United States",-160.48139,63.38444,1
"LP_5808","Whitehorse fishway Rapids, Yukon","Chinook salmon",5808,"Oncorhynchus_tshawytscha","Chinook salmon"," JTC (2007). Yukon River salmon 2006 season summary and 2007 season outlook. Regional Information Report No. 3A07-01. D. o. C. F. a. O. C. Alaska Department of Fish and Game. Anchorage.| JTC (2009). Yukon River salmon 2008 season summary and 2007 season outlook. Regional Information Report No. 3A09-01. D. o. C. F. a. O. C. Alaska Department of Fish and Game. Anchorage.","annual",12,49,49,0,0,0.372917676592687,61400,48.8,"Fishes","Whitehorse fishway Rapids, Yukon","Canada",-135.02889,60.66194,1
"LP_5831","Kilpisjarvi area, Lappi","Grey-sided vole / Grey red-backed vole",5831,"Myodes_rufocanus","Grey-sided vole / Grey red-backed vole"," Falck, W., Bjørnstad, et al. (1995). ""Voles and lemmings: chaos and uncertainty in fluctuating populations."" Proceedings of the Royal Society B: Biological Sciences. 262: 363-370.| NERC Centre for Population Biology (1999). The Global Populations Dynamics Database. http://cpbnts1.bio.ic.ac.uk/gpdd/, Imperial College,.","annual",12,45,45,0,0.2,0.0232123838522703,27.5,2.82,"Mammals","Kilpisjarvi area, Lappi","Finland",21,69,2
"LP_5934","Eastern Bering sea","Alaska pollock / Walleye pollock",5934,"Gadus_chalcogrammus","Alaska pollock / Walleye pollock","RAM Legacy Stock Assessment Database (2021) ‘RAM Legacy Stock Assessment Database v4.495’. Zenodo. Available at: https://doi.org/10.5281/zenodo.4824192.","annual",12,55,55,0,0,0.584920634920635,7338.1,48,"Fishes","Eastern Bering sea","United States",-170.99778,58.13722,1
"LP_6828","Croatia","Eurasian spoonbill",6828,"Platalea_leucorodia","Eurasian spoonbill"," Schneider-Jacoby, M., T. Mikuska, et al. (2001). ""Dispersal by accident - the spoonbill Platalea leucorodia population in Croatia."" Acrocephalus (Ljubljana) 22(109): 191-206.","annual",12,51,51,0,0.215686274509804,0.831138461107229,1868,36,"Birds","Croatia","Croatia",16,44,2
"LP_7375","Camargue","Cattle egret",7375,"Bubulcus_ibis","Cattle egret"," Kayser, Y., C. Girard, et al. (2003). ""COMPTE-RENDU ORNITHOLOGIQUE CAMARGUAIS POUR LES ANNÉES 1995-2000."" Rev. Écol. (Terre Vie) 58: 5-76.| Kayser, Y., M. Gauthier-Clerc, et al. (2008). ""COMPTE RENDU ORNITHOLOGIQUE CAMARGUAIS POUR LES ANNÉES 2001-2006."" Rev. Écol. (Terre Vie) 63: 299-349.| Blondel, J. and P. Isenmann (1981). Guide des oiseaux de Camargue. Guide des oiseaux de Camargue., Delachaux & Niestle, Neuchatel, Paris: 1-344.","annual",12,55,53,0.0350877192982456,0.228070175438596,0.953506195290615,372,20.96,"Birds","Camargue","France",4.56667,43.56667,2
"LP_7838","Dordogne (fishing zones 10-13), Garonne ","Sea lamprey",7838,"Petromyzon_marinus","Sea lamprey"," Beaulaton, L., C. Tavernyb, et al. (2008). ""Fishing, abundance and life history traits of the anadromous sea lamprey (Petromyzon marinus) in Europe."" Fisheries Research 92: 90-101.","annual",12,55,40,0.0178571428571429,0,-0.12179371558126,2500,84,"Fishes","Dordogne (fishing zones 10-13), Garonne Basin, France","France",-0.253435,44.917212,1
"LP_8011","Kharlov, Murman coast, North-West Russia","Black-legged kittiwake",8011,"Rissa_tridactyla","Black-legged kittiwake"," Krasnov, Y. V., R. T. Barrett, et al. (2007). ""Status of black-legged kittiwakes (Rissa tridactyla), common guillemots (Uria aalge) and Brünnich’s guillemots (U. lomvia) in Murman, north-west Russia, and Varanger, north-east Norway."" Polar Research 26: 113-117.","annual",12,42,42,0,0,0.753016482267686,407.8,54.02,"Birds","Kharlov, Murman coast, North-West Russia","Russian Federation",37.33639,68.81361,1
"LP_8564","Mt Gardner, Australia","Noisy scrub-bird",8564,"Atrichornis_clamosus","Noisy scrub-bird","Olsen, P. (2008). The State of Australia's Birds 2008. Wingspan (supplement), Birds Australia. 18: 1-40.","annual",12,42,42,0,0,0.851875860951301,41.5,23.9,"Birds","Mt Gardner, Australia","Australia",118.18639,-34.99944,1
"LP_8589","Northern stock","Silver hake / Whiting",8589,"Merluccius_bilinearis","Silver hake / Whiting"," Col, L. and M. Traver (2006). Silver Hake. Status of Fishery Resources off the Northeastern US for 2006, National Marine Fisheries Service.","annual",12,43,43,0,0,0.401948200194508,3385.8,19.8,"Fishes","Northern stock","United States",-67.1,42.31667,1
"LP_8590","Southern stock","Silver hake / Whiting",8590,"Merluccius_bilinearis","Silver hake / Whiting"," Col, L. and M. Traver (2006). Silver Hake. Status of Fishery Resources off the Northeastern US for 2006, National Marine Fisheries Service.","annual",12,43,43,0,0,-0.597372198335291,3385.8,19.8,"Fishes","Southern stock","United States",-73.91667,38.71667,1
"LP_8603","Gulf of Maine, southern stock","American angler",8603,"Lophius_americanus","American angler"," Richards, A. (2006). Goosefish. Status of Fishery Resources off the Northeastern US for 2006. R. Mayo, F. Serchuk and E. HOlmes, National Marine Fisheries Service.","annual",12,42,42,0,0,-0.682199445860574,17642,64.4,"Fishes","Gulf of Maine, southern stock","United States",-73.91667,38.71667,1
"LP_8610","Northern stock: the Gulf of Maine to Nor","Red hake",8610,"Urophycis_chuss","Red hake"," Traver, M. and L. Col (2006). Red Hake. Status of Fishery Resources off the Northeastern US. R. Mayo, F. Serchuk and E. HOlmes, National Marine Fisheries Service.","annual",12,43,43,0,0,0.55829054666264,3600,20.1,"Fishes","Northern stock: the Gulf of Maine to Northern Georges Bank region","United States",-68.7,42.91667,1
"LP_8611","Southern stock: the Southern Georges Ban","Red hake",8611,"Urophycis_chuss","Red hake"," Traver, M. and L. Col (2006). Red Hake. Status of Fishery Resources off the Northeastern US. R. Mayo, F. Serchuk and E. HOlmes, National Marine Fisheries Service.","annual",12,42,42,0,0,-0.792723442184588,3600,20.1,"Fishes","Southern stock: the Southern Georges Bank to Mid-Atlantic Bight region","United States",-73.71667,39.31667,1
"LP_10096","Mole National Park, Northern Ghana","African lion / Asiatic lion",10096,"Panthera_leo","African lion / Asiatic lion","Burton, A. C., E. B. Buedi, C. Balangtaa, D. G. Kpelle, M. K. Sam and J. S. Brashares (2010). ""The decline of lions in Ghana’s Mole National Park."" African Journal of Ecology 49(1): 122-126.","annual",12,41,41,0,0.585365853658537,-0.525629409401744,149062,36,"Mammals","Mole National Park, Northern Ghana","Ghana",-1.81667,9.63333,3
"LP_10190","Pointe Geologie, Adelie Land, Antarctica","Emperor penguin",10190,"Aptenodytes_forsteri","Emperor penguin"," Jenouvrier, S., H. Caswell, et al. (2010). ""Mating Behavior, Population Growth, and the Operational Sex Ratio: A Periodic Two-Sex Model Approach."" The American Naturalist 175(6): 739-752.","annual",12,44,44,0,0,-0.712191684284707,29750,60,"Birds","Pointe Geologie, Adelie Land, Antarctica","Antarctica",140.01667,-66.66667,1
"LP_10392","Dovre Mountains, Central Norway","Musk ox",10392,"Ovibos_moschatus","Musk ox","Asbjørnsen, E. J., B.-E. Sæther, et al. (2005). ""Predicting the growth of a small introduced muskox population using population prediction intervals."" Journal of Animal Ecology 74(4): 612-618.| Rangbru, B. (2010). Moskus på Dovrefjell - Informasjonsskriv 2010. Trondheim, Fylkesmannen i Sør-Trøndelag.","annual",12,60,60,0,0,0.97844081043157,312500,37.35,"Mammals","Dovre Mountains, Central Norway","Norway",9.05,62.03333,1
"LP_10478","Saxonian Elbsandsteingebirge, Sachsen-An","Eurasian eagle-owl",10478,"Bubo_bubo","Eurasian eagle-owl"," Augst, U. (2003). ""Reproduktion und Bestandsentwicklung des Uhus Bubo bubo im Elbsandsteingebirge."" Vogelwelt 124: 229-239.","annual",12,50,50,0,0,0.858435028369204,2533,24,"Birds","Saxonian Elbsandsteingebirge, Sachsen-Anhalt, Germany","Germany",14.31,50.92,1
"LP_10671","Jesen?íky Mountains, Czech Republic","Eurasian eagle-owl",10671,"Bubo_bubo","Eurasian eagle-owl"," Suchý, O. (2001). ""Vývoj populace výra velkého (Bubo bubo) v Jeseníkách v letech 1955-2000."" Buteo 12.","annual",12,46,46,0,0,0.680235835674944,2533,24,"Birds","Jesen?íky Mountains, Czech Republic","Czechia",17.19417,50.10889,1
"LP_10734","Polish part of Bia?Úowie??a National Pa","European bison",10734,"Bison_bonasus","European bison","Dackiewicz, J. (2009). ""80 lat restytucji ?ubrów w Puszczy Bia?owieskiej."" European Bison Conservation Newsletter 2: 123-128.","annual",12,57,57,0,0,0.969366941225407,624577.1,29.98,"Mammals","Polish part of Bia?Úowie??a National Park, Poland","Poland",23.83333,52.66667,1
"LP_10775","Switzerland (population occurs in the no","White stork",10775,"Ciconia_ciconia","White stork"," Kestenholz, M., O. Biber, et al. (2010). Aktionsplan Weissstorch Schweiz. Artenförderung Vögel Schweiz. Bern, Sempach, Zürich, Kleindietwil, Bundesamt für Umwelt, Bern, Schweizerische Vogelwarte, Schweizer Vogelschutz SVS/BirdLife Schweiz, Storch Schweiz.","annual",12,59,59,0,0.152542372881356,0.994262921908958,3350,42.01,"Birds","Switzerland (population occurs in the northern part)","Switzerland",8.12306,47.35222,2
"LP_10967","North Pacific","Swordfish",10967,"Xiphias_gladius","Swordfish","RAM Legacy Stock Assessment Database (2021) ‘RAM Legacy Stock Assessment Database v4.495’. Zenodo. Available at: https://doi.org/10.5281/zenodo.4824192.","annual",12,61,61,0,0,-0.244413888703065,650000,66,"Fishes","North Pacific","International Waters",-174.71667,25.81667,1
"LP_11096","Georges Bank (5Z)","Atlantic cod / Cod",11096,"Gadus_morhua","Atlantic cod / Cod"," Mayo, R. and L. O'Brien (2006). Atlantic cod. Status of Fishery Resources off the Northeastern US NEFSC ","annual",12,42,42,0,0,-0.748764091203942,15540.1,48,"Fishes","Georges Bank (5Z)","United States",-67,41,1
"LP_11147","Rostov-Oblast (Rostov District)","Elk / moose",11147,"Alces_alces","Elk / moose"," Minoranskiy, V. A., V. V. Sidelnikov, et al. (2009). ""History and status of moose in the Rostov region, Russia."" Alces 45: 21-24.","annual",12,44,44,0,0,-0.687011066615638,351000,23.39,"Mammals","Rostov-Oblast (Rostov District)","Russian Federation",41.08278,47.88806,1
"LP_11154","Schweizer Nationalpark","Tatra chamois / Alpine chamois",11154,"Rupicapra_rupicapra","Tatra chamois / Alpine chamois"," Filli, F. (2008). 100 Jahre unter Schutz: Die Gämse im Schweizerischen Nationalpark. Das   Gamswild in Bedrängnis? –  Ökologie, Sörfaktoren, Jag Managment. Donnerstag.","annual",12,41,41,0,0,0.765584858065537,35383.2,22.16,"Mammals","Schweizer Nationalpark","Switzerland",10.2,46.66667,1
"LP_11162","Solway Firth, UK (Svalbard population)","Barnacle goose",11162,"Branta_leucopsis","Barnacle goose"," Crabtree, B., L. Humphreys, et al. (2010). 2010 Review of Goose Management Policy in Scotland, BTO Scotland and the Scottish Government: 303.","annual",12,52,52,0,0,0.98896408017336,1708.5,24,"Birds","Solway Firth, UK (Svalbard population)","United Kingdom",-3.66667,55.75,1
"LP_11167","Slovakia","Red deer / Elk",11167,"Cervus_elaphus","Red deer / Elk"," Apollonio, M., R. Andersen, et al., Eds. (2010). European Ungulates and their Managment in the 21st Century, Cambridge University Press.","annual",12,50,50,0,0,0.899639855942377,160166.7,28.01,"Mammals","Slovakia","Slovakia",19.5,48.66667,1
"LP_11169","Hungary","Red deer / Elk",11169,"Cervus_elaphus","Red deer / Elk"," Apollonio, M., R. Andersen, et al., Eds. (2010). European Ungulates and their Managment in the 21st Century, Cambridge University Press.","annual",12,46,46,0,0,0.970027752081406,160166.7,28.01,"Mammals","Hungary","Hungary",20,47,1
"LP_11184","Black Sea Biosphere Reserve, Southern Uk","Sandwich tern",11184,"Thalasseus_sandvicensis","Sandwich tern"," Rudenko, A. G. (1996). ""Present status of gulls and terns nesting in the Black Sea Biosphere Reserve."" Colonial Waterbirds 19: 41-45.","annual",12,45,45,0,0,0.304367877332232,208,29.95,"Birds","Black Sea Biosphere Reserve, Southern Ukraine","Ukraine",31.82972,46.37528,1
"LP_11186","German north sea coast","Sandwich tern",11186,"Thalasseus_sandvicensis","Sandwich tern"," Garthe, S. and B.-O. Flore (2007). ""Population trend over 100 years and conservation needs of breeding sandwich terns (Sterna sandvicensis) on the German North Sea coast."" Journal of Ornithology 148(2): 215-227.","annual",12,56,56,0,0,0.852836637047163,208,29.95,"Birds","German north sea coast","Germany",8,54,1
"LP_11188","Netherlands and Belgium","Sandwich tern",11188,"Thalasseus_sandvicensis","Sandwich tern"," Stienen, E. W. M. (2006). Living with gulls: trading off food and predation in the Sandwich Tern Sterna sandvicensis, Rijksuniversiteit Groningen.","annual",12,45,45,0,0,0.808168642951251,208,29.95,"Birds","Netherlands and Belgium","Netherlands",5.75,52.5,1
"LP_11202","South-eastern Australian continental she","Tiger flathead",11202,"Platycephalus_richardsoni","Tiger flathead","RAM Legacy Stock Assessment Database (2021) ‘RAM Legacy Stock Assessment Database v4.495’. Zenodo. Available at: https://doi.org/10.5281/zenodo.4824192.","annual",12,66,66,0,0,0.900491648111022,NA,NA,"Fishes","South-eastern Australian continental shelf","Australia",151.01472,-34.90028,1
"LP_11206","South-eastern Australian continental she","Tarakihi",11206,"Nemadactylus_macropterus","Tarakihi","RAM Legacy RAM Legacy Stock Assessment Data Base version 3.0.","annual",12,58,58,0,0,-0.882124950013842,NA,NA,"Fishes","South-eastern Australian continental shelf","Australia",151.01472,-34.90028,1
"LP_11349","Jura Mountains","Peregrine falcon",11349,"Falco_peregrinus","Peregrine falcon"," Monneret, R.-J. (2008). ""Évolution et situation de la population de faucon pèlerin Falco peregrinus de la chaîne jurassienne de 1964 à 2007."" Alauda 76(1): 1-10.","annual",12,44,44,0,0,0.950165665847942,827.3,23.9,"Birds","Jura Mountains","France",5.93333,46.43333,1
"LP_11473","Hungary","European roe deer",11473,"Capreolus_capreolus","European roe deer","Apollonio, M., R. Andersen, et al., Eds. (2010). European Ungulates and their Managment in the 21st Century, Cambridge University Press.","annual",12,46,46,0,0,0.986925686093123,21666.7,13.58,"Mammals","Hungary","Hungary",20,47,1
"LP_11474","Hungary","Wild boar / Wild pig",11474,"Sus_scrofa","Wild boar / Wild pig","Apollonio, M., R. Andersen, et al., Eds. (2010). European Ungulates and their Managment in the 21st Century, Cambridge University Press.","annual",12,46,46,0,0,0.993339500462535,135000,10.98,"Mammals","Hungary","Hungary",20,47,1
"LP_12009","Newburyport region, Massachusetts","Hudsonian godwit",12009,"Limosa_haemastica","Hudsonian godwit","Harrington, B. A., B. Nikula, et al. (2012). ""Occurrence and changing numbers of Hudsonian Godwits during southward migration in the eastern United States."" Wader Study Group Bulletin 119(1): 52-55.","annual",12,46,46,0,0,-0.781097652245901,255.5,NA,"Birds","Newburyport region, Massachusetts","United States",-70.877222,42.8125,1
"LP_12010","Chatham region, Massachusetts","Hudsonian godwit",12010,"Limosa_haemastica","Hudsonian godwit","Harrington, B. A., B. Nikula, et al. (2012). ""Occurrence and changing numbers of Hudsonian Godwits during southward migration in the eastern United States."" Wader Study Group Bulletin 119(1): 52-55.","annual",12,50,50,0,0,0.313228918781883,255.5,NA,"Birds","Chatham region, Massachusetts","United States",-69.959722,41.681944,1
"LP_12065","Schleswig-Holstein","Eurasian dotterel",12065,"Eudromias_morinellus","Eurasian dotterel","Busche, G. (2007). ""Zum Vorkommen des Mornellregenpfeifers Charadrius morinellus in Schleswig-Holstein und Deutschland 1960-2000 während der Wanderungen zwischen Brut- und Überwinterungsgebieten."" Corax 20: 263-270.","annual",12,41,41,0,0,0.543646827804418,108.5,23.9,"Birds","Schleswig-Holstein","Germany",10.5,54,1
"LP_12074","Britain, Ireland","Bean goose",12074,"Anser_fabalis","Bean goose","Mitchell, C., K. Colhoun, et al. (2010). Trends in goose numbers wintering in Britain & Ireland, 1995 to 2008. Expanding Goose Populations and their Management. S. Svensson. Höllviken, Sweden, Ornis Svecica. 20: 128-143.","annual",12,50,50,0,0,0.738431989954253,2933,35.92,"Birds","Britain, Ireland","United Kingdom",-5,53.666667,1
"LP_12088","Handa Island, Scotland","Great skua",12088,"Catharacta_skua","Great skua","Jones, T., C. Smith, et al. (2008). ""Breeding performance and diet of Great Skuas Stercorarius skua and Parasitic Jaegers (Arctic Skuas) S. parasiticus on the west coast of Scotland."" Bird Study 55: 257-266.|Smith, C., V. Culshaw, et al. (2010). Handa Island Skua Project Annual Report 2010. Unpublished report to SWT, SNH, JNCC, SOC and The Seabird Group.","annual",12,47,47,0,0.0425531914893617,0.993028292226352,1420.3,59.9,"Birds","Handa Island, Scotland","United Kingdom",-5.18918,58.380119,2
"LP_12221","Eastern population wintering along the A","Tundra swan",12221,"Cygnus_columbianus","Tundra swan","Ad Hoc Eastern Population Tundra Swan Committee (2007). A management plan for the Eastern population of Tundra swans: 57.","annual",12,50,50,0,0,0.863454104789211,6350,32.91,"Birds","Eastern population wintering along the Atlantic and Mississippi flyway","United States",-76.554165,38.536619,1
"LP_12295","Oostkustpolders, Flanders","Pink-footed goose",12295,"Anser_brachyrhynchus","Pink-footed goose","Kuijken, E., C. Verscheure, et al. (2006). Long-term trends in numbers and distribution of wintering geese in the Oostkustpolders, Flanders (Belgium). Waterbirds around the world. G. C. Boere, C. A. Galbraith and D. A. Stroud. Edinburgh, UK, The Stationery Office: 960pp.","annual",12,44,44,0,0,0.96432579133829,2707.5,36,"Birds","Oostkustpolders, Flanders","Belgium",3.117625,51.266574,1
"LP_12304","Oostkustpolders, Flanders","Greater white-fronted goose",12304,"Anser_albifrons","Greater white-fronted goose","Kuijken, E., C. Verscheure, et al. (2006). Long-term trends in numbers and distribution of wintering geese in the Oostkustpolders, Flanders (Belgium). Waterbirds around the world. G. C. Boere, C. A. Galbraith and D. A. Stroud. Edinburgh, UK, The Stationery Office: 960pp.Edinburgh, UK, The Stationery Office: 960pp.","annual",12,44,44,0,0,0.779434053057123,2387.5,36,"Birds","Oostkustpolders, Flanders","Belgium",3.117625,51.266574,1
"LP_12308","Britain, Ireland","Pink-footed goose",12308,"Anser_brachyrhynchus","Pink-footed goose","Mitchell, C., K. Colhoun, et al. (2010). Trends in goose numbers wintering in Britain & Ireland, 1995 to 2008. Expanding Goose Populations and their Management. S. Svensson. Höllviken, Sweden, Ornis Svecica. 20: 128-143.","annual",12,50,50,0,0,0.966683581736235,2707.5,36,"Birds","Britain, Ireland","United Kingdom",-5,53.666667,1
"LP_12357","Britain, Ireland","Greater white-fronted goose",12357,"Anser_albifrons","Greater white-fronted goose","Mitchell, C., K. Colhoun, et al. (2010). Trends in goose numbers wintering in Britain & Ireland, 1995 to 2008. Expanding Goose Populations and their Management. S. Svensson. Höllviken, Sweden, Ornis Svecica. 20: 128-143.","annual",12,49,49,0,0,-0.720312448163375,2387.5,36,"Birds","Britain, Ireland","United Kingdom",-5,53.666667,1
"LP_12379","Wintering population of the Central and ","Greater white-fronted goose",12379,"Anser_albifrons","Greater white-fronted goose","Canadian Wildlife Service Waterfowl Committee (2013). Population status of migratory game birds in Canada: November 2013. CWS Migratory Birds Regulatory Report Number 40.","annual",12,42,42,0,0,0.890032417833298,2387.5,36,"Birds","Wintering population of the Central and Mississippi flyways (Gulf of Mexico)","United States",-95.731616,28.990724,1
"LP_12550","Atlantic flyway population wintering alo","Brent goose",12550,"Branta_bernicla","Brent goose","Canadian Wildlife Service Waterfowl Committee (2013). Population status of migratory game birds in Canada: November 2013. CWS Migratory Birds Regulatory Report Number 40.","annual",12,53,53,0,0,0.0906433347064075,1347.3,24,"Birds","Atlantic flyway population wintering along the US coast from Massachusetts to North Carolina","United States",-75.348421,39.407679,1
"LP_12551","St. Lawrence River Valley spring staging","Snow goose",12551,"Anser_caerulescens","Snow goose","Canadian Wildlife Service Waterfowl Committee (2013). Population status of migratory game birds in Canada: November 2013. CWS Migratory Birds Regulatory Report Number 40.","annual",12,49,49,0,0,0.97,2630.8,33.08,"Birds","St. Lawrence River Valley spring staging area, Qu?«bec","Canada",-73.148804,47.931066,1
"LP_12568","Central and South US (Texas, Oklahoma, K","Snow goose",12568,"Anser_caerulescens","Snow goose","Alisauskas, R. T. (1998). ""Winter range expansion and relationships between landscape and morphometrics of midcontinent lesser snow geese."" The Auk 115(4): 851-862.","annual",12,45,45,0,0,0.855335968379446,2630.8,33.08,"Birds","Central and South US (Texas, Oklahoma, Kansas, Nebraska, Iowa, Missouri, Arkansas, and Louisiana)","United States",-94.115556,38.02,1
"LP_12581","Britain, Ireland (Light-bellied brent go","Brent goose",12581,"Branta_bernicla","Brent goose","Mitchell, C., K. Colhoun, et al. (2010). Trends in goose numbers wintering in Britain & Ireland, 1995 to 2008. Expanding Goose Populations and their Management. S. Svensson. Höllviken, Sweden, Ornis Svecica. 20: 128-143.","annual",12,49,49,0,0,0.749234365630788,1347.3,24,"Birds","Britain, Ireland (Light-bellied brent goose, Svalbard population)","United Kingdom",-5,53.666667,1
"LP_12582","Britain, Ireland (Light-bellied brent go","Brent goose",12582,"Branta_bernicla","Brent goose","Mitchell, C., K. Colhoun, et al. (2010). Trends in goose numbers wintering in Britain & Ireland, 1995 to 2008. Expanding Goose Populations and their Management. S. Svensson. Höllviken, Sweden, Ornis Svecica. 20: 128-143.","annual",12,46,44,0.0612244897959184,0,0.709000735098413,1347.3,24,"Birds","Britain, Ireland (Light-bellied brent goose, East Canadian High Arctic population) ","United Kingdom",-5,53.666667,1
"LP_12650","South coast of Scania","Long-tailed duck",12650,"Clangula_hyemalis","Long-tailed duck","Nilsson, L. (2012). ""Distribution and numbers of wintering sea ducks in Swedish offshore waters."" Ornis Svecica 22: 39-59.","annual",12,41,41,0,0,-0.624956468774969,814,23.95,"Birds","South coast of Scania","Sweden",13.594722,55.388889,1
"LP_12656","Blekinge archipelago, southeast Sweden","Long-tailed duck",12656,"Clangula_hyemalis","Long-tailed duck","Nilsson, L. (2012). ""Distribution and numbers of wintering sea ducks in Swedish offshore waters."" Ornis Svecica 22: 39-59.","annual",12,41,41,0,0,-0.590378327188812,814,23.95,"Birds","Blekinge archipelago, southeast Sweden","Sweden",15.60997,56.10881,1
"LP_12659","North ?¹land","Long-tailed duck",12659,"Clangula_hyemalis","Long-tailed duck","Nilsson, L. (2012). ""Distribution and numbers of wintering sea ducks in Swedish offshore waters."" Ornis Svecica 22: 39-59.","annual",12,42,42,0,0.166666666666667,-0.00852794162782403,814,23.95,"Birds","North ?¹land","Sweden",16.993056,57.3125,3
"LP_12678","S??dersk?±r Island, Gulf of Finland","Long-tailed duck",12678,"Clangula_hyemalis","Long-tailed duck","Aunins, A., L. Nilsson, et al. (2013). HELCOM Core Indicator of Biodiversity - Abundance of waterbirds in the wintering season. HELCOM Core Indicator Report.","annual",12,41,41,0,0,-0.242965416027793,814,23.95,"Birds","S??dersk?±r Island, Gulf of Finland","Finland",25.4,60.1,1
"LP_13019","New Brunswick","American woodcock",13019,"Scolopax_minor","American woodcock","Cooper, T. R. and R. D. Rau (2014). American woodcock population status, 2014. U.S. Fish and Wildlife Service. Laurel, Maryland: 16 pp.","annual",12,46,46,0,0,-0.179603417674288,196.3,10.91,"Birds","New Brunswick","Canada",-66.323033,46.650516,1
"LP_13025","Nova Scotia","American woodcock",13025,"Scolopax_minor","American woodcock","Cooper, T. R. and R. D. Rau (2014). American woodcock population status, 2014. U.S. Fish and Wildlife Service. Laurel, Maryland: 16 pp.","annual",12,47,47,0,0,-0.645733953027816,196.3,10.91,"Birds","Nova Scotia","Canada",-63.510533,45.059112,1
"LP_13028","Prince Edward Island","American woodcock",13028,"Scolopax_minor","American woodcock","Cooper, T. R. and R. D. Rau (2014). American woodcock population status, 2014. U.S. Fish and Wildlife Service. Laurel, Maryland: 16 pp.","annual",12,46,46,0,0,-0.908530098817176,196.3,10.91,"Birds","Prince Edward Island","Canada",-63.466588,46.348013,1
"LP_13030","Qu?«bec","American woodcock",13030,"Scolopax_minor","American woodcock","Cooper, T. R. and R. D. Rau (2014). American woodcock population status, 2014. U.S. Fish and Wildlife Service. Laurel, Maryland: 16 pp.","annual",12,45,45,0,0,-0.974666460265577,196.3,10.91,"Birds","Qu?«bec","Canada",-73.354283,51.290389,1
"LP_13040","Ontario","American woodcock",13040,"Scolopax_minor","American woodcock","Cooper, T. R. and R. D. Rau (2014). American woodcock population status, 2014. U.S. Fish and Wildlife Service. Laurel, Maryland: 16 pp.","annual",12,47,47,0,0,-0.903408601507205,196.3,10.91,"Birds","Ontario","Canada",-86.879334,51.63614,1
"LP_14553","North-west Atlantic Ocean","Killer whale / Orca",14553,"Orcinus_orca","Killer whale / Orca","Lawson, J. and T. Stevens (2014). ""Historic and current distribution patterns, and minimum abundance of killer whales (Orcinus orca) in the north-west Atlantic."" Journal of the Marine Biological Association of the United Kingdom Volume 94(6): 1253-1265.","annual",12,41,41,0,0,0.388956406796124,4300000,138.31,"Mammals","North-west Atlantic Ocean","Canada",-51.946243,46.968577,1
"LP_14554","Hecate Strait, British Columbia","Rock sole",14554,"Lepidopsetta_bilineata","Rock sole","RAM Legacy RAM Legacy Stock Assessment Data Base version 3.0.","annual",12,52,52,0,0,0.494664048493127,2511.7,108,"Fishes","Hecate Strait, British Columbia","Canada",-131.092016,53.255354,1
"LP_14829","NAFO division 3LNO, Newfoundland and Lab","American plaice",14829,"Hippoglossoides_platessoides","American plaice","DFO (2011). Recovery Potential Assessment of American Plaice (Hippoglossoides platessoides) in Newfoundland and Labrador. Canadian Science Advisory Secretariat Science Advisory Report, Fisheries and Oceans Canada. 2011/030: 27.","annual",12,51,51,0,0,-0.823774293746893,NA,91.45,"Fishes","NAFO division 3LNO, Newfoundland and Labrador region","Canada",-50.839607,46.393875,1
"LP_14833","NAFO division 4VWX, Southern Gulf of St.","American plaice",14833,"Hippoglossoides_platessoides","American plaice","DFO (2011). Recovery Potential Assessment for American Plaice Maritime DU. Canadian Science Advisory Secretariat Science Advisory Report, Fisheries and Oceans Canada. 2011/043: 30.","annual",12,41,41,0,0,-0.451567944250871,NA,91.45,"Fishes","NAFO division 4VWX, Southern Gulf of St. Lawrence","Canada",-61.652594,43.355895,1
"LP_14848","Northern Gulf and Newfoundland","American eel",14848,"Anguilla_rostrata","American eel","DFO (2013). Recovery potential assessment of American eel (Anguilla rostrata) in eastern Canada. Can. Sci. Advis. Sec. Sci. Advis. Rep. 2013/078.","annual",12,41,41,0,0,-0.411449502861527,7300,132,"Fishes","Northern Gulf and Newfoundland","Canada",-57.771263,49.761184,1
"LP_17406","Japanese tuna longline fishing areas in ","Swordfish",17406,"Xiphias_gladius","Swordfish","Nishida, T. and S.-P. Wang (2014). CPUE standardization of swordfish (Xiphias gladius) exploited by Japanese tuna longline fisheries in the Indian Ocean using cluster analysis for targeting effect, Indian Ocean Tuna Commission.","annual",12,42,40,0.0232558139534884,0,0.184020743861924,650000,66,"Fishes","Japanese tuna longline fishing areas in the north-west Indian Ocean","International Waters",60,0,1
"LP_17407","Japanese tuna longline fishing areas in ","Swordfish",17407,"Xiphias_gladius","Swordfish","Nishida, T. and S.-P. Wang (2014). CPUE standardization of swordfish (Xiphias gladius) exploited by Japanese tuna longline fisheries in the Indian Ocean using cluster analysis for targeting effect, Indian Ocean Tuna Commission.","annual",12,43,43,0,0,-0.432950770160072,650000,66,"Fishes","Japanese tuna longline fishing areas in the north-east Indian Ocean","International Waters",90,0,1
"LP_17408","Japanese tuna longline fishing areas in ","Swordfish",17408,"Xiphias_gladius","Swordfish","Nishida, T. and S.-P. Wang (2014). CPUE standardization of swordfish (Xiphias gladius) exploited by Japanese tuna longline fisheries in the Indian Ocean using cluster analysis for targeting effect, Indian Ocean Tuna Commission.","annual",12,43,43,0,0,-0.201751736635458,650000,66,"Fishes","Japanese tuna longline fishing areas in the south-east Indian Ocean","International Waters",90,-27.833333,1
"LP_17409","Japanese tuna longline fishing areas in ","Swordfish",17409,"Xiphias_gladius","Swordfish","Nishida, T. and S.-P. Wang (2014). CPUE standardization of swordfish (Xiphias gladius) exploited by Japanese tuna longline fisheries in the Indian Ocean using cluster analysis for targeting effect, Indian Ocean Tuna Commission.","annual",12,43,43,0,0,-0.726366656599215,650000,66,"Fishes","Japanese tuna longline fishing areas in the south-west Indian Ocean","International Waters",45,-27.833333,1
"LP_17410","Japanese longline fishing area in the In","Blue marlin",17410,"Makaira_nigricans","Blue marlin","Indian Ocean Tuna Commission (2014). Status of the Indian Ocean blue marlin (BUM: Makaira nigricans) resource.","annual",12,42,42,0,0,-0.896884243676088,NA,NA,"Fishes","Japanese longline fishing area in the Indian Ocean","International Waters",75,-15,1
"LP_17411","Japanese longline fishing area in the In","Striped marlin",17411,"Kajikia_audax","Striped marlin","Indian Ocean Tuna Commission (2014). ""Status of the Indian Ocean striped marlin (MLS: Tetrapturus audax) resource.""","annual",12,42,42,0,0,-0.801539710897674,NA,NA,"Fishes","Japanese longline fishing area in the Indian Ocean","International Waters",75,-15,1
"LP_17412","Japanese longline fishing area in the In","Black marlin",17412,"Istiompax_indica","Black marlin","Indian Ocean Tuna Commission (2014). ""Status of the Indian Ocean black marlin (BLM: Makaira indica) resource.""","annual",12,61,61,0,0,-0.914013749338974,NA,NA,"Fishes","Japanese longline fishing area in the Indian Ocean","International Waters",75,-15,1
"LP_17444","Chioggia fishing area, Adriatic Sea","Atlantic mackerel",17444,"Scomber_scombrus","Atlantic mackerel","Meneghesso, C., et al. (2013). ""Life-history traits and population decline of the Atlantic mackerel Scomber scombrus in the Adriatic Sea."" Journal of Fish Biology 83: 1249-1267.","annual",12,60,60,0,0,-0.527019306212341,3400,26.16,"Fishes","Chioggia fishing area, Adriatic Sea","Italy",12.484613,45.215731,1
"LP_17785","Besnard Lake, Saskatchewan","Bald eagle",17785,"Haliaeetus_leucocephalus","Bald eagle","Mougeot, F., J. Gerrard, et al. (2013). ""Population trends and reproduction of bald eagles at Besnard Lake, Saskatchewan, Canada 1968-2012."" Journal of Raptor Research 47(2): 96-107.","annual",12,41,41,0,0,0.4482375975178,4740,48,"Birds","Besnard Lake, Saskatchewan","Canada",-106.035833,55.383056,1
"LP_17808","Magdalen Shallows, Southern Gulf of St. ","Moustache sculpin",17808,"Triglops_murrayi","Moustache sculpin","Swain, D. P., et al. (2015). ""Spatial distribution of fishes in a Northwest Atlantic ecosystem in relation to risk of predation by a marine mammal."" Journal of Animal Ecology 84: 1286–1298.","annual",12,42,42,0,0.0714285714285714,0.277458067594984,70.9,42,"Fishes","Magdalen Shallows, Southern Gulf of St. Lawrence","Canada",-62.916667,47.416667,3
"LP_17809","Magdalen Shallows, southern Gulf of St. ","Fourbeard rockling",17809,"Enchelyopus_cimbrius","Fourbeard rockling","Swain, D. P., et al. (2015). ""Spatial distribution of fishes in a Northwest Atlantic ecosystem in relation to risk of predation by a marine mammal."" Journal of Animal Ecology 84: 1286–1298.","annual",12,42,42,0,0.19047619047619,0.605156051991985,350.3,36,"Fishes","Magdalen Shallows, southern Gulf of St. Lawrence","Canada",-62.916667,47.416667,3
"LP_17810","Magdalen Shallows, southern Gulf of St. ","Alligatorfish",17810,"Aspidophoroides_monopterygius","Alligatorfish","Swain, D. P., et al. (2015). ""Spatial distribution of fishes in a Northwest Atlantic ecosystem in relation to risk of predation by a marine mammal."" Journal of Animal Ecology 84: 1286–1298.","annual",12,42,42,0,0.0476190476190476,0.879964363830981,NA,56.4,"Fishes","Magdalen Shallows, southern Gulf of St. Lawrence","Canada",-62.916667,47.416667,3
"LP_18240","Lake Srebarna, Srebarna Nature Reserve","Dalmatian pelican",18240,"Pelecanus_crispus","Dalmatian pelican","Kambourova, N. 2004. The Current State of Colonial Waterbirds in Srebarna Managed Reserve. Annuals of Sofia University ""St. Kliment Ohridski"" Vol. 96(Department of Biology, Book 4 - X Science Session, Sofia 2003, Part II): 313 - 320.","annual",12,49,49,0,0,0.12110694404001,8700,32.94,"Birds","Lake Srebarna, Srebarna Nature Reserve","Bulgaria",27.078056,44.114444,1
"LP_18493","Central Zone, Chile","South Pacific hake / Peruvian hake",18493,"Merluccius_gayi","South Pacific hake / Peruvian hake","Neira, S. and H. Arancibia (2013). ""Food web and fish stock changes in central Chile: comparing the roles of jumbo squid (Dosidicus gigas) predation, the environment, and fisheries."" Deep-Sea Research II 95: 103-112.","annual",12,43,43,0,0,0.285217937102281,12163.9,NA,"Fishes","Central Zone, Chile","Chile",-73.525237,-34.808973,1
"LP_18740","Kauhava region, western Finland","Bank vole",18740,"Myodes_glareolus","Bank vole","Terraube, J., A. Villers, L. Poudre, R. Varjonen and E. Korpimäiki (2017). ""Increased autumn rainfall disrupts predator-prey interactions in fragmented boreal forests."" Global Change Biology 23: 1361-1373.","annual",12,42,42,0,0,0.204278421521757,20.8,1.55,"Mammals","Kauhava region, western Finland","Finland",23,63,1
"LP_19103","North Dakota","Pronghorn",19103,"Antilocapra_americana","Pronghorn","Christie, K. S., et al. (2015). ""Long-term changes in pronghorn abundance index linked to climate and oil development in North Dakota."" Biological Conservation 192: 445-453.","annual",12,41,41,0,0,0.595121951219512,45375,17.78,"Mammals","North Dakota","United States",-100.458883,47.630954,1
"LP_19172","Eastern Bering Sea and Aleutian Islands ","Northern rock sole",19172,"Lepidopsetta_polyxystra","Northern rock sole","RAM Legacy Stock Assessment Database (2021) ‘RAM Legacy Stock Assessment Database v4.495’. Zenodo. Available at: https://doi.org/10.5281/zenodo.4824192.","annual",12,44,44,0,0,0.819309372797745,NA,84,"Fishes","Eastern Bering Sea and Aleutian Islands USA-NMFS-EBSAI","United States",-170.90306,54.06556,1
"LP_19193","Gulf of Maine / Georges Bank-Southern Ne","Barndoor skate",19193,"Dipturus_laevis","Barndoor skate","RAM Legacy RAM Legacy Stock Assessment Data Base version 3.0.","annual",12,43,43,0,0.162790697674419,0.0829299682044456,NA,128,"Fishes","Gulf of Maine / Georges Bank-Southern New England 5YZ","United States",-68.615921,41.275324,3
"LP_19194","Gulf of Maine / Georges Bank-Southern Ne","Smooth skate",19194,"Malacoraja_senta","Smooth skate","RAM Legacy RAM Legacy Stock Assessment Data Base version 3.0.","annual",12,43,43,0,0,-0.427622141217641,NA,102.82,"Fishes","Gulf of Maine / Georges Bank-Southern New England 5YZ","United States",-68.615921,41.275324,1
"LP_19195","Gulf of Maine / Georges Bank-Southern Ne","Starry ray",19195,"Amblyraja_radiata","Starry ray","RAM Legacy RAM Legacy Stock Assessment Data Base version 3.0.","annual",12,43,43,0,0,-0.891724554515252,NA,107.63,"Fishes","Gulf of Maine / Georges Bank-Southern New England 5YZ","United States",-68.615921,41.275324,1
"LP_19498","Northwest Atlantic Ocean","Great white shark",19498,"Carcharodon_carcharias","Great white shark","Curtis, T. H., C. T. McCandless, et al. (2014). ""Seasonal Distribution and Historic Trends in Abundance of White Sharks, Carcharodon carcharias, in the Western North Atlantic Ocean."" PLoS ONE 9(6): e99240","annual",12,50,50,0,0,-0.485034886625467,3154039.1,NA,"Fishes","Northwest Atlantic Ocean","United States",-57.083333,34.083333,1
"LP_19642","New South Wales, Australia","Great white shark",19642,"Carcharodon_carcharias","Great white shark","Reid, D. D., W. D. Robbins, et al. (2011). ""Decadal trends in shark catches and effort from the New South Wales, Australia, Shark Meshing Program 1950–2010."" Marine and Freshwater Research 62(6): 676-693","annual",12,60,60,0,0.0166666666666667,-0.724347312217554,3154039.1,NA,"Fishes","New South Wales, Australia","Australia",156.094424,-33.617943,3
"LP_19870","Southern Gulf of St. Lawrence, NAFO 4T","Alewife",19870,"Alosa_pseudoharengus","Alewife","Benoit, H. P. (2006). Standardizing the southern Gulf of St. Lawrence bottom trawl survey time series: Results of the 2004-2005 comparative fishing experiments and other recommendations for the analysis of the survey data. Canadian Science Advisory Secretariat, Fisheries and Oceans Canada.","annual",12,46,46,0,0,-0.0406413814369411,NA,30,"Fishes","Southern Gulf of St. Lawrence, NAFO 4T","Canada",-63,47,1
"LP_19910","Southern Gulf of St. Lawrence, NAFO 4T","Starry ray",19910,"Amblyraja_radiata","Starry ray","Benoit, H. P. (2006). Standardizing the southern Gulf of St. Lawrence bottom trawl survey time series: Results of the 2004-2005 comparative fishing experiments and other recommendations for the analysis of the survey data. Canadian Science Advisory Secretariat, Fisheries and Oceans Canada.","annual",12,46,46,0,0,-0.896762257169288,NA,107.63,"Fishes","Southern Gulf of St. Lawrence, NAFO 4T","Canada",-63,47,1
"LP_20332","Southern Gulf of St. Lawrence, NAFO 4T","Atlantic herring",20332,"Clupea_harengus","Atlantic herring","Benoit, H. P. (2006). Standardizing the southern Gulf of St. Lawrence bottom trawl survey time series: Results of the 2004-2005 comparative fishing experiments and other recommendations for the analysis of the survey data. Canadian Science Advisory Secretariat, Fisheries and Oceans Canada.","annual",12,46,46,0,0,0.659327782917052,1100,38.4,"Fishes","Southern Gulf of St. Lawrence, NAFO 4T","Canada",-63,47,1
"LP_20406","Southern Gulf of St. Lawrence, NAFO 4T","Lumpfish / Lumpsucker",20406,"Cyclopterus_lumpus","Lumpfish / Lumpsucker","Benoit, H. P. (2006). Standardizing the southern Gulf of St. Lawrence bottom trawl survey time series: Results of the 2004-2005 comparative fishing experiments and other recommendations for the analysis of the survey data. Canadian Science Advisory Secretariat, Fisheries and Oceans Canada.","annual",12,46,46,0,0,-0.410052420598212,NA,41.5,"Fishes","Southern Gulf of St. Lawrence, NAFO 4T","Canada",-63,47,1
"LP_20558","Southern Gulf of St. Lawrence, NAFO 4T","Atlantic cod / Cod",20558,"Gadus_morhua","Atlantic cod / Cod","Benoit, H. P. (2006). Standardizing the southern Gulf of St. Lawrence bottom trawl survey time series: Results of the 2004-2005 comparative fishing experiments and other recommendations for the analysis of the survey data. Canadian Science Advisory Secretariat, Fisheries and Oceans Canada.","annual",12,46,46,0,0,-0.753684859697811,15540.1,48,"Fishes","Southern Gulf of St. Lawrence, NAFO 4T","Canada",-63,47,1
"LP_20560","Southern Gulf of St. Lawrence, NAFO 4T","Witch flounder",20560,"Glyptocephalus_cynoglossus","Witch flounder","Benoit, H. P. (2006). Standardizing the southern Gulf of St. Lawrence bottom trawl survey time series: Results of the 2004-2005 comparative fishing experiments and other recommendations for the analysis of the survey data. Canadian Science Advisory Secretariat, Fisheries and Oceans Canada.","annual",12,46,46,0,0,-0.188775824853531,NA,91.54,"Fishes","Southern Gulf of St. Lawrence, NAFO 4T","Canada",-63,47,1
"LP_20563","Southern Gulf of St. Lawrence, NAFO 4T","Sea raven",20563,"Hemitripterus_americanus","Sea raven","Benoit, H. P. (2006). Standardizing the southern Gulf of St. Lawrence bottom trawl survey time series: Results of the 2004-2005 comparative fishing experiments and other recommendations for the analysis of the survey data. Canadian Science Advisory Secretariat, Fisheries and Oceans Canada.","annual",12,46,46,0,0,-0.784027135368486,4587.1,12,"Fishes","Southern Gulf of St. Lawrence, NAFO 4T","Canada",-63,47,1
"LP_20564","Southern Gulf of St. Lawrence, NAFO 4T","American plaice",20564,"Hippoglossoides_platessoides","American plaice","Benoit, H. P. (2006). Standardizing the southern Gulf of St. Lawrence bottom trawl survey time series: Results of the 2004-2005 comparative fishing experiments and other recommendations for the analysis of the survey data. Canadian Science Advisory Secretariat, Fisheries and Oceans Canada.","annual",12,46,46,0,0,-0.867900092506938,NA,91.45,"Fishes","Southern Gulf of St. Lawrence, NAFO 4T","Canada",-63,47,1
"LP_20569","Southern Gulf of St. Lawrence, NAFO 4T","Winter skate",20569,"Leucoraja_ocellata","Winter skate","Benoit, H. P. (2006). Standardizing the southern Gulf of St. Lawrence bottom trawl survey time series: Results of the 2004-2005 comparative fishing experiments and other recommendations for the analysis of the survey data. Canadian Science Advisory Secretariat, Fisheries and Oceans Canada.","annual",12,44,42,0.0434782608695652,0,-0.945595489781536,NA,138,"Fishes","Southern Gulf of St. Lawrence, NAFO 4T","Canada",-63,47,1
"LP_20570","Southern Gulf of St. Lawrence, NAFO 4T","Yellowtail flounder",20570,"Myzopsetta_ferruginea","Yellowtail flounder","Benoit, H. P. (2006). Standardizing the southern Gulf of St. Lawrence bottom trawl survey time series: Results of the 2004-2005 comparative fishing experiments and other recommendations for the analysis of the survey data. Canadian Science Advisory Secretariat, Fisheries and Oceans Canada.","annual",12,46,46,0,0,-0.213197656490903,2427,NA,"Fishes","Southern Gulf of St. Lawrence, NAFO 4T","Canada",-63,47,1
"LP_20578","Southern Gulf of St. Lawrence, NAFO 4T","Longhorn sculpin",20578,"Myoxocephalus_octodecemspinosus","Longhorn sculpin","Benoit, H. P. (2006). Standardizing the southern Gulf of St. Lawrence bottom trawl survey time series: Results of the 2004-2005 comparative fishing experiments and other recommendations for the analysis of the survey data. Canadian Science Advisory Secretariat, Fisheries and Oceans Canada.","annual",12,46,46,0,0,-0.497378970089423,1108,64.5,"Fishes","Southern Gulf of St. Lawrence, NAFO 4T","Canada",-63,47,1
"LP_20582","Southern Gulf of St. Lawrence, NAFO 4T","Marlin-spike grenadier",20582,"Nezumia_bairdii","Marlin-spike grenadier","Benoit, H. P. (2006). Standardizing the southern Gulf of St. Lawrence bottom trawl survey time series: Results of the 2004-2005 comparative fishing experiments and other recommendations for the analysis of the survey data. Canadian Science Advisory Secretariat, Fisheries and Oceans Canada.","annual",12,46,46,0,0,-0.386370644465002,361,48,"Fishes","Southern Gulf of St. Lawrence, NAFO 4T","Canada",-63,47,1
"LP_20583","Southern Gulf of St. Lawrence, NAFO 4T","Rainbow smelt",20583,"Osmerus_mordax","Rainbow smelt","Benoit, H. P. (2006). Standardizing the southern Gulf of St. Lawrence bottom trawl survey time series: Results of the 2004-2005 comparative fishing experiments and other recommendations for the analysis of the survey data. Canadian Science Advisory Secretariat, Fisheries and Oceans Canada.","annual",12,46,46,0,0,-0.14572926302806,NA,NA,"Fishes","Southern Gulf of St. Lawrence, NAFO 4T","Canada",-63,47,1
"LP_20585","Southern Gulf of St. Lawrence, NAFO 4T","Longfin hake",20585,"Phycis_chesteri","Longfin hake","Benoit, H. P. (2006). Standardizing the southern Gulf of St. Lawrence bottom trawl survey time series: Results of the 2004-2005 comparative fishing experiments and other recommendations for the analysis of the survey data. Canadian Science Advisory Secretariat, Fisheries and Oceans Canada.","annual",12,44,40,0.0434782608695652,0,-0.246793516560958,NA,42,"Fishes","Southern Gulf of St. Lawrence, NAFO 4T","Canada",-63,47,1
"LP_20587","Southern Gulf of St. Lawrence, NAFO 4T","Winter flounder",20587,"Pseudopleuronectes_americanus","Winter flounder","Benoit, H. P. (2006). Standardizing the southern Gulf of St. Lawrence bottom trawl survey time series: Results of the 2004-2005 comparative fishing experiments and other recommendations for the analysis of the survey data. Canadian Science Advisory Secretariat, Fisheries and Oceans Canada.","annual",12,46,46,0,0,-0.798458217699661,3600,33.8,"Fishes","Southern Gulf of St. Lawrence, NAFO 4T","Canada",-63,47,1
"LP_20588","Southern Gulf of St. Lawrence, NAFO 4T","Greenland halibut",20588,"Reinhardtius_hippoglossoides","Greenland halibut","Benoit, H. P. (2006). Standardizing the southern Gulf of St. Lawrence bottom trawl survey time series: Results of the 2004-2005 comparative fishing experiments and other recommendations for the analysis of the survey data. Canadian Science Advisory Secretariat, Fisheries and Oceans Canada.","annual",12,46,46,0,0,0.865803268578477,NA,112.99,"Fishes","Southern Gulf of St. Lawrence, NAFO 4T","Canada",-63,47,1
"LP_20589","Southern Gulf of St. Lawrence, NAFO 4T","Atlantic mackerel",20589,"Scomber_scombrus","Atlantic mackerel","Benoit, H. P. (2006). Standardizing the southern Gulf of St. Lawrence bottom trawl survey time series: Results of the 2004-2005 comparative fishing experiments and other recommendations for the analysis of the survey data. Canadian Science Advisory Secretariat, Fisheries and Oceans Canada.","annual",12,46,46,0,0,0.510329941412273,3400,26.16,"Fishes","Southern Gulf of St. Lawrence, NAFO 4T","Canada",-63,47,1
"LP_20596","Southern Gulf of St. Lawrence, NAFO 4T","White hake",20596,"Urophycis_tenuis","White hake","Benoit, H. P. (2006). Standardizing the southern Gulf of St. Lawrence bottom trawl survey time series: Results of the 2004-2005 comparative fishing experiments and other recommendations for the analysis of the survey data. Canadian Science Advisory Secretariat, Fisheries and Oceans Canada.","annual",12,46,46,0,0,-0.690040086339809,21000,16.8,"Fishes","Southern Gulf of St. Lawrence, NAFO 4T","Canada",-63,47,1
"LP_20597","Southern Gulf of St. Lawrence, NAFO 4T","Ocean pout",20597,"Zoarces_americanus","Ocean pout","Benoit, H. P. (2006). Standardizing the southern Gulf of St. Lawrence bottom trawl survey time series: Results of the 2004-2005 comparative fishing experiments and other recommendations for the analysis of the survey data. Canadian Science Advisory Secretariat, Fisheries and Oceans Canada.","annual",12,45,40,0.0217391304347826,0,-0.728458498023715,5400,18,"Fishes","Southern Gulf of St. Lawrence, NAFO 4T","Canada",-63,47,1
"LP_21690","Area 5DC, Hecate Strait, British Columbi","Rock sole",21690,"Lepidopsetta_bilineata","Rock sole","Holt, K. R., P. J. Starr, R. Haigh and B. Krishka (2016). Stock Assessment and Harvest Advice for Rock Sole (Lepidopsetta spp.) in British Columbia. Research Document, Canadian Science Advisory Secretariat. 2016/009: ix + 256.","annual",12,43,43,0,0,0.571730594986409,2511.7,108,"Fishes","Area 5DC, Hecate Strait, British Columbia","Canada",-131.00097,53.38332,1
"LP_21925","NY waters of Lake Ontario's eastern basi","Smallmouth bass",21925,"Micropterus_dolomieu","Smallmouth bass","Lantry, J. R. (2015). Eastern basin of Lake Ontario warmwater fisheries assessment, 1976-2015. Section 4 in NYSDEC Lake Ontario annual Report. Cape Vincent, New York, New York State Department of Environmental Conservation.","annual",12,41,41,0,0,-0.760398972801948,4171.5,81.6,"Fishes","NY waters of Lake Ontario's eastern basin","United States",-76.06,44.055,1
"LP_22039","New Brunswick","White-tailed deer",22039,"Odocoileus_virginianus","White-tailed deer","Fowler, S. (2016). New Brunswick deer herd down 70% in 30 years, DNR numbers show. CBC News.","annual",12,45,45,0,0,-0.203820816864295,65320,10.16,"Mammals","New Brunswick","Canada",-66.46191,46.56531,1
"LP_22048","Lower Skeena-CM, Skeena River Watershed ","Chum salmon",22048,"Oncorhynchus_keta","Chum salmon","Skeena Salmon Program. ""Spawner Abundance and Total Run Size for Skeena Salmon Populations from 1954-2014."" Retrieved February 2017, from http://data.skeenasalmonprogram.ca/data-library/, Spawner Abundance and Total Run Size for Skeena Salmon Populations from 1954-2014. Pacific Salmon Foundation.","annual",12,58,45,0.0491803278688525,0,-0.226060475560614,15900,39,"Fishes","Lower Skeena-CM, Skeena River Watershed in Northwest British Columbia","Canada",-129.83266,54.24977,1
"LP_22051","Lower Skeena-CO, Skeena River Watershed ","Coho salmon",22051,"Oncorhynchus_kisutch","Coho salmon","Skeena Salmon Program. ""Spawner Abundance and Total Run Size for Skeena Salmon Populations from 1954-2014."" Retrieved February 2017, from http://data.skeenasalmonprogram.ca/data-library/, Spawner Abundance and Total Run Size for Skeena Salmon Populations from 1954-2014. Pacific Salmon Foundation.","annual",12,60,55,0.0163934426229508,0,-0.457015837732704,15200,36,"Fishes","Lower Skeena-CO, Skeena River Watershed in Northwest British Columbia","Canada",-129.83266,54.24977,1
"LP_22052","Middle Skeena-CO, Skeena River Watershed","Coho salmon",22052,"Oncorhynchus_kisutch","Coho salmon","Skeena Salmon Program. ""Spawner Abundance and Total Run Size for Skeena Salmon Populations from 1954-2014."" Retrieved February 2017, from http://data.skeenasalmonprogram.ca/data-library/, Spawner Abundance and Total Run Size for Skeena Salmon Populations from 1954-2014. Pacific Salmon Foundation.","annual",12,61,61,0,0,0.0671602326811211,15200,36,"Fishes","Middle Skeena-CO, Skeena River Watershed in Northwest British Columbia","Canada",-129.83266,54.24977,1
"LP_22137","NY waters of Lake Ontario's eastern basi","American yellow perch",22137,"Perca_flavescens","American yellow perch","Lantry, J. R. (2015). Eastern basin of Lake Ontario warmwater fisheries assessment, 1976-2015. Section 4 in NYSDEC Lake Ontario annual Report. Cape Vincent, New York, New York State Department of Environmental Conservation.","annual",12,41,41,0,0,-0.504006968641115,1786.1,44.4,"Fishes","NY waters of Lake Ontario's eastern basin","United States",-76.06,44.055,1
"LP_22449","NY waters of Lake Ontario's eastern basi","Walleye",22449,"Sander_vitreus","Walleye","Lantry, J. R. (2015). Eastern basin of Lake Ontario warmwater fisheries assessment, 1976-2015. Section 4 in NYSDEC Lake Ontario annual Report. Cape Vincent, New York, New York State Department of Environmental Conservation.","annual",12,41,41,0,0,0.649533933991835,11300,44.4,"Fishes","NY waters of Lake Ontario's eastern basin","United States",-76.06,44.055,1
"LP_23029","France","Northern pintail",23029,"Anas_acuta","Northern pintail","Deceuninck, B., and C. Fouque. 2010. Canards dénombrés en France en hiver: importance des zones humides et tendances. Ornithos 17:266-283.","annual",12,43,43,0,0,-0.278130194986201,872.3,7.89,"Birds","France","France",2.235509,46.387582,1
"LP_23030","France","Common teal",23030,"Anas_crecca","Common teal","Deceuninck, B., and C. Fouque. 2010. Canards dénombrés en France en hiver: importance des zones humides et tendances. Ornithos 17:266-283.","annual",12,43,43,0,0,0.44908601077445,343.8,8.93,"Birds","France","France",2.235509,46.387582,1
"LP_23031","France","Mallard",23031,"Anas_platyrhynchos","Mallard","Deceuninck, B., and C. Fouque. 2010. Canards dénombrés en France en hiver: importance des zones humides et tendances. Ornithos 17:266-283.","annual",12,43,43,0,0,0.53243182752602,1121,12,"Birds","France","France",2.235509,46.387582,1
"LP_23032","France","Common pochard",23032,"Aythya_ferina","Common pochard","Deceuninck, B., and C. Fouque. 2010. Canards dénombrés en France en hiver: importance des zones humides et tendances. Ornithos 17:266-283.","annual",12,43,43,0,0,0.41651248070899,853.5,12,"Birds","France","France",2.235509,46.387582,1
"LP_23033","France","Tufted duck",23033,"Aythya_fuligula","Tufted duck","Deceuninck, B., and C. Fouque. 2010. Canards dénombrés en France en hiver: importance des zones humides et tendances. Ornithos 17:266-283.","annual",12,43,43,0,0,0.362434870717828,701.5,12,"Birds","France","France",2.235509,46.387582,1
"LP_23034","France","Eurasian wigeon",23034,"Mareca_penelope","Eurasian wigeon","Deceuninck, B., and C. Fouque. 2010. Canards dénombrés en France en hiver: importance des zones humides et tendances. Ornithos 17:266-283.","annual",12,43,43,0,0,-0.23596529822969,757,12,"Birds","France","France",2.235509,46.387582,1
"LP_23035","France","Gadwall",23035,"Mareca_strepera","Gadwall","Deceuninck, B., and C. Fouque. 2010. Canards dénombrés en France en hiver: importance des zones humides et tendances. Ornithos 17:266-283.","annual",12,43,43,0,0,0.710167601787096,850,7.89,"Birds","France","France",2.235509,46.387582,1
"LP_23036","France","Red-crested pochard",23036,"Netta_rufina","Red-crested pochard","Deceuninck, B., and C. Fouque. 2010. Canards dénombrés en France en hiver: importance des zones humides et tendances. Ornithos 17:266-283.","annual",12,43,43,0,0,-0.125977120069219,1118,12,"Birds","France","France",2.235509,46.387582,1
"LP_23037","France","Northern shoveler",23037,"Spatula_clypeata","Northern shoveler","Deceuninck, B., and C. Fouque. 2010. Canards dénombrés en France en hiver: importance des zones humides et tendances. Ornithos 17:266-283.","annual",12,43,43,0,0,0.533927434656732,613,7.89,"Birds","France","France",2.235509,46.387582,1
"LP_23038","France","Common shelduck",23038,"Tadorna_tadorna","Common shelduck","Deceuninck, B., and C. Fouque. 2010. Canards dénombrés en France en hiver: importance des zones humides et tendances. Ornithos 17:266-283.","annual",12,43,43,0,0,0.898795092982763,1094,24,"Birds","France","France",2.235509,46.387582,1
"LP_26510","North Sea","European eel",26510,"Anguilla_anguilla","European eel","ICES. 2018. European eel (Anguilla anguilla) throughout its natural range.","annual",12,59,59,0,0,-0.938913909334279,NA,132,"Fishes","North Sea","Norway",7.962016,56.119314,1
"LP_26511","Southern and Western Europe","European eel",26511,"Anguilla_anguilla","European eel","ICES. 2018. European eel (Anguilla anguilla) throughout its natural range.","annual",12,59,59,0,0,-0.903625557639068,NA,132,"Fishes","Southern and Western Europe","United Kingdom",-2.836127,44.499935,1
"LP_27830","Bia?Úowie??a Forest (Belarusian part)","Eurasian lynx",27830,"Lynx_lynx","Eurasian lynx","Kawata, Y. (2008) ‘Population dynamics of the lynx (Lynx lynx) in the Bialowieza Primeval Forest revisited: a statistical analysis of density-dependent migration’, Electronic Journal of Polish Agricultural Universities, 11(4), p. 6.","annual",12,43,43,0,0,-0.162372534708807,21150,21.01,"Mammals","Bia?Úowie??a Forest (Belarusian part)","Belarus",23.964222,52.68639,1
"LP_27918","High Tatras Mountains","Tatra chamois / Alpine chamois",27918,"Rupicapra_rupicapra","Tatra chamois / Alpine chamois","Zemanová, B. (2014) Genetic structure of chamois populations in central Europe. PhD. Masaryk University & Academy Of Sciences of the Czech Republic.","annual",12,63,62,0.015625,0,-0.269296338586574,35383.2,22.16,"Mammals","High Tatras Mountains","Slovakia",20.013789,49.172895,1
"LP_300019","New South Wales coast Australia","Smooth hammerhead",300019,"Sphyrna_zygaena","Smooth hammerhead","Reid, D. D., W. D. Robbins, and V. M. Peddemors. ""Decadal trends in shark catches and effort from the New South Wales, Australia, Shark Meshing Program 1950–2010."" Marine and Freshwater Research 62.6 (2011): 676-693.","annual",12,60,60,0,0,0.021812523463936,4e+05,NA,"Fishes","New South Wales coast Australia","Australia",151.4,-33.6,1
